bench,src,pc,latency
508.namd_r/1,1/super_hot_regions:8,0x5826d152c720,4
508.namd_r/1,1/super_hot_regions:8,0x5826d152c724,0
508.namd_r/1,1/super_hot_regions:8,0x5826d152c72d,0
508.namd_r/1,1/super_hot_regions:8,0x5826d152c731,0
508.namd_r/1,1/super_hot_regions:8,0x5826d152c741,0
508.namd_r/1,1/super_hot_regions:8,0x5826d152c756,0
508.namd_r/1,1/super_hot_regions:8,0x5826d152c784,0

627.cam4_s/1,1/super_hot_regions:7,0x60348ed86b25,1
627.cam4_s/1,1/super_hot_regions:7,0x60348ed86b29,0

503.bwaves_r/3,3/super_hot_regions:23,0x7f367c4cd94e,1
503.bwaves_r/3,3/super_hot_regions:23,0x7f367c4cda13,0

508.namd_r/1,1/super_hot_regions:30,0x5826d152c501,4
508.namd_r/1,1/super_hot_regions:30,0x5826d152c505,0
508.namd_r/1,1/super_hot_regions:30,0x5826d152c50e,0
508.namd_r/1,1/super_hot_regions:30,0x5826d152c512,0
508.namd_r/1,1/super_hot_regions:30,0x5826d152c523,0
508.namd_r/1,1/super_hot_regions:30,0x5826d152c538,0
508.namd_r/1,1/super_hot_regions:30,0x5826d152c54f,0

508.namd_r/1,1/super_hot_regions:31,0x5826d152c50a,4
508.namd_r/1,1/super_hot_regions:31,0x5826d152c516,0
508.namd_r/1,1/super_hot_regions:31,0x5826d152c51a,0
508.namd_r/1,1/super_hot_regions:31,0x5826d152c52d,0
508.namd_r/1,1/super_hot_regions:31,0x5826d152c54b,0
508.namd_r/1,1/super_hot_regions:31,0x5826d152c557,0

621.wrf_s/1,1/super_hot_regions:16,0x7d84495571c2,1
621.wrf_s/1,1/super_hot_regions:16,0x7d84495571c6,0
621.wrf_s/1,1/super_hot_regions:16,0x7d84495571ca,0

508.namd_r/1,1/super_hot_regions:46,0x5826d15329e0,4
508.namd_r/1,1/super_hot_regions:46,0x5826d15329e4,0
508.namd_r/1,1/super_hot_regions:46,0x5826d15329ed,0
508.namd_r/1,1/super_hot_regions:46,0x5826d15329f1,0
508.namd_r/1,1/super_hot_regions:46,0x5826d1532a01,0
508.namd_r/1,1/super_hot_regions:46,0x5826d1532a16,0
508.namd_r/1,1/super_hot_regions:46,0x5826d1532a44,0

508.namd_r/1,1/super_hot_regions:52,0x5826d1554938,4
508.namd_r/1,1/super_hot_regions:52,0x5826d155493c,0
508.namd_r/1,1/super_hot_regions:52,0x5826d1554945,0
508.namd_r/1,1/super_hot_regions:52,0x5826d1554949,0
508.namd_r/1,1/super_hot_regions:52,0x5826d1554959,0
508.namd_r/1,1/super_hot_regions:52,0x5826d155496e,0
508.namd_r/1,1/super_hot_regions:52,0x5826d155499b,0

510.parest_r/1,1/super_hot_regions:34,0x61e49ab37bd0,1
510.parest_r/1,1/super_hot_regions:34,0x61e49ab37bd6,0

521.wrf_r/1,1/super_hot_regions:21,0x7bb9aaf571c2,1
521.wrf_r/1,1/super_hot_regions:21,0x7bb9aaf571c6,0
521.wrf_r/1,1/super_hot_regions:21,0x7bb9aaf571ca,0

503.bwaves_r/2,2/super_hot_regions:36,0x7fb85bb0594e,1
503.bwaves_r/2,2/super_hot_regions:36,0x7fb85bb05a13,0

508.namd_r/1,1/super_hot_regions:58,0x5826d155b080,4
508.namd_r/1,1/super_hot_regions:58,0x5826d155b084,0
508.namd_r/1,1/super_hot_regions:58,0x5826d155b08d,0
508.namd_r/1,1/super_hot_regions:58,0x5826d155b091,0
508.namd_r/1,1/super_hot_regions:58,0x5826d155b0a1,0
508.namd_r/1,1/super_hot_regions:58,0x5826d155b0b6,0
508.namd_r/1,1/super_hot_regions:58,0x5826d155b0e4,0

508.namd_r/1,1/super_hot_regions:75,0x5826d1558010,4
508.namd_r/1,1/super_hot_regions:75,0x5826d1558014,0
508.namd_r/1,1/super_hot_regions:75,0x5826d155801c,0
508.namd_r/1,1/super_hot_regions:75,0x5826d1558020,0
508.namd_r/1,1/super_hot_regions:75,0x5826d1558030,0
508.namd_r/1,1/super_hot_regions:75,0x5826d1558045,0
508.namd_r/1,1/super_hot_regions:75,0x5826d1558073,0

503.bwaves_r/1,1/super_hot_regions:40,0x7f44ac6c394e,1
503.bwaves_r/1,1/super_hot_regions:40,0x7f44ac6c3a13,0

508.namd_r/1,1/super_hot_regions:82,0x5826d15427e9,4
508.namd_r/1,1/super_hot_regions:82,0x5826d15427f1,0
508.namd_r/1,1/super_hot_regions:82,0x5826d15427f5,0
508.namd_r/1,1/super_hot_regions:82,0x5826d1542801,0
508.namd_r/1,1/super_hot_regions:82,0x5826d154280a,0
508.namd_r/1,1/super_hot_regions:82,0x5826d154281e,0
508.namd_r/1,1/super_hot_regions:82,0x5826d1542839,0

525.x264_r/3,3/super_hot_regions:50,0x56c83e9b11f1,1
525.x264_r/3,3/super_hot_regions:50,0x56c83e9b1200,0

625.x264_s/3,3/super_hot_regions:50,0x63b8bf9fa1f1,1
625.x264_s/3,3/super_hot_regions:50,0x63b8bf9fa200,0

625.x264_s/1,1/super_hot_regions:63,0x5b5b15ecd1f1,1
625.x264_s/1,1/super_hot_regions:63,0x5b5b15ecd200,0

508.namd_r/1,1/super_hot_regions:90,0x5826d153f130,4
508.namd_r/1,1/super_hot_regions:90,0x5826d153f138,0
508.namd_r/1,1/super_hot_regions:90,0x5826d153f13c,0
508.namd_r/1,1/super_hot_regions:90,0x5826d153f148,0
508.namd_r/1,1/super_hot_regions:90,0x5826d153f151,0
508.namd_r/1,1/super_hot_regions:90,0x5826d153f167,0
508.namd_r/1,1/super_hot_regions:90,0x5826d153f182,0

525.x264_r/1,1/super_hot_regions:65,0x560e964811f1,1
525.x264_r/1,1/super_hot_regions:65,0x560e96481200,0

657.xz_s/2,2/super_hot_regions:45,0x58fa710af14d,1
657.xz_s/2,2/super_hot_regions:45,0x58fa710af150,0

505.mcf_r/1,1/super_hot_regions:38,0x61d4948ec990,1
505.mcf_r/1,1/super_hot_regions:38,0x61d4948ec994,0

508.namd_r/1,1/super_hot_regions:108,0x5826d152f718,4
508.namd_r/1,1/super_hot_regions:108,0x5826d152f71c,0
508.namd_r/1,1/super_hot_regions:108,0x5826d152f724,0
508.namd_r/1,1/super_hot_regions:108,0x5826d152f728,0
508.namd_r/1,1/super_hot_regions:108,0x5826d152f737,0
508.namd_r/1,1/super_hot_regions:108,0x5826d152f74c,0
508.namd_r/1,1/super_hot_regions:108,0x5826d152f779,0

503.bwaves_r/4,4/super_hot_regions:51,0x73a5fce4d94e,1
503.bwaves_r/4,4/super_hot_regions:51,0x73a5fce4da13,0

523.xalancbmk_r/1,1/super_hot_regions:33,0x57a6e2b7df2a,1
523.xalancbmk_r/1,1/super_hot_regions:33,0x57a6e2b7df2d,0

525.x264_r/2,2/super_hot_regions:60,0x56c92ffea1f1,1
525.x264_r/2,2/super_hot_regions:60,0x56c92ffea200,0

557.xz_r/1,1/super_hot_regions:48,0x5c92f1c9514d,1
557.xz_r/1,1/super_hot_regions:48,0x5c92f1c95150,0

625.x264_s/2,2/super_hot_regions:60,0x577f79d8e1f1,1
625.x264_s/2,2/super_hot_regions:60,0x577f79d8e200,0

508.namd_r/1,1/super_hot_regions:138,0x5826d153fbab,4
508.namd_r/1,1/super_hot_regions:138,0x5826d153fbd4,0
508.namd_r/1,1/super_hot_regions:138,0x5826d153fbfe,0
508.namd_r/1,1/super_hot_regions:138,0x5826d153fc3a,0
508.namd_r/1,1/super_hot_regions:138,0x5826d153fc61,0
508.namd_r/1,1/super_hot_regions:138,0x5826d153fc81,0

538.imagick_r/1,1/super_hot_regions:45,0x633a6b2e0c1c,1
538.imagick_r/1,1/super_hot_regions:45,0x633a6b2e0c1f,0

557.xz_r/3,3/super_hot_regions:56,0x5b74f5e7814d,1
557.xz_r/3,3/super_hot_regions:56,0x5b74f5e78150,0

510.parest_r/1,1/super_hot_regions:61,0x61e49ab37b91,1
510.parest_r/1,1/super_hot_regions:61,0x61e49ab37b94,0

531.deepsjeng_r/1,1/super_hot_regions:74,0x6224487b94e9,1
531.deepsjeng_r/1,1/super_hot_regions:74,0x6224487b94ec,0

508.namd_r/1,1/super_hot_regions:153,0x5826d15327bd,4
508.namd_r/1,1/super_hot_regions:153,0x5826d15327c1,0
508.namd_r/1,1/super_hot_regions:153,0x5826d15327ca,0
508.namd_r/1,1/super_hot_regions:153,0x5826d15327ce,0
508.namd_r/1,1/super_hot_regions:153,0x5826d15327df,0
508.namd_r/1,1/super_hot_regions:153,0x5826d15327f3,0
508.namd_r/1,1/super_hot_regions:153,0x5826d153280b,0

508.namd_r/1,1/super_hot_regions:154,0x5826d15327c5,4
508.namd_r/1,1/super_hot_regions:154,0x5826d15327d2,0
508.namd_r/1,1/super_hot_regions:154,0x5826d15327d7,0
508.namd_r/1,1/super_hot_regions:154,0x5826d15327e8,0
508.namd_r/1,1/super_hot_regions:154,0x5826d1532806,0
508.namd_r/1,1/super_hot_regions:154,0x5826d1532813,0

627.cam4_s/1,1/super_hot_regions:53,0x7935f452494e,1
627.cam4_s/1,1/super_hot_regions:53,0x7935f4524a13,0

623.xalancbmk_s/1,1/super_hot_regions:44,0x57e58499cf2a,1
623.xalancbmk_s/1,1/super_hot_regions:44,0x57e58499cf2d,0

525.x264_r/2,2/super_hot_regions:88,0x56c92ffe4478,1
525.x264_r/2,2/super_hot_regions:88,0x56c92ffe44b4,0

557.xz_r/2,2/super_hot_regions:67,0x5c02260f214d,1
557.xz_r/2,2/super_hot_regions:67,0x5c02260f2150,0

625.x264_s/2,2/super_hot_regions:88,0x577f79d88478,1
625.x264_s/2,2/super_hot_regions:88,0x577f79d884b4,0

508.namd_r/1,1/super_hot_regions:165,0x5826d156b609,4
508.namd_r/1,1/super_hot_regions:165,0x5826d156b60d,0
508.namd_r/1,1/super_hot_regions:165,0x5826d156b617,0
508.namd_r/1,1/super_hot_regions:165,0x5826d156b624,0
508.namd_r/1,1/super_hot_regions:165,0x5826d156b62c,0
508.namd_r/1,1/super_hot_regions:165,0x5826d156b640,0
508.namd_r/1,1/super_hot_regions:165,0x5826d156b65b,0

623.xalancbmk_s/1,1/super_hot_regions:48,0x57e58499ceaa,1
623.xalancbmk_s/1,1/super_hot_regions:48,0x57e58499cead,0

654.roms_s/1,1/super_hot_regions:76,0x77ba1252d94e,1
654.roms_s/1,1/super_hot_regions:76,0x77ba1252da13,0

525.x264_r/3,3/super_hot_regions:91,0x56c83e9ab478,1
525.x264_r/3,3/super_hot_regions:91,0x56c83e9ab4b4,0

625.x264_s/3,3/super_hot_regions:91,0x63b8bf9f4478,1
625.x264_s/3,3/super_hot_regions:91,0x63b8bf9f44b4,0

557.xz_r/1,1/super_hot_regions:85,0x5c92f1c90b5a,1
557.xz_r/1,1/super_hot_regions:85,0x5c92f1c90b5f,0

657.xz_s/1,1/super_hot_regions:100,0x609e9ee3014d,1
657.xz_s/1,1/super_hot_regions:100,0x609e9ee30150,0

605.mcf_s/1,1/super_hot_regions:77,0x5a81905e3990,1
605.mcf_s/1,1/super_hot_regions:77,0x5a81905e3994,0

502.gcc_r/3,3/super_hot_regions:61,0x5b35c687f6da,1
502.gcc_r/3,3/super_hot_regions:61,0x5b35c687f6dd,0

508.namd_r/1,1/super_hot_regions:177,0x5826d155ae7b,4
508.namd_r/1,1/super_hot_regions:177,0x5826d155ae7f,0
508.namd_r/1,1/super_hot_regions:177,0x5826d155ae88,0
508.namd_r/1,1/super_hot_regions:177,0x5826d155ae8c,0
508.namd_r/1,1/super_hot_regions:177,0x5826d155ae9d,0
508.namd_r/1,1/super_hot_regions:177,0x5826d155aeb2,0
508.namd_r/1,1/super_hot_regions:177,0x5826d155aec9,0

508.namd_r/1,1/super_hot_regions:178,0x5826d155ae84,4
508.namd_r/1,1/super_hot_regions:178,0x5826d155ae90,0
508.namd_r/1,1/super_hot_regions:178,0x5826d155ae94,0
508.namd_r/1,1/super_hot_regions:178,0x5826d155aea7,0
508.namd_r/1,1/super_hot_regions:178,0x5826d155aec5,0
508.namd_r/1,1/super_hot_regions:178,0x5826d155aed1,0

508.namd_r/1,1/super_hot_regions:181,0x5826d1554707,4
508.namd_r/1,1/super_hot_regions:181,0x5826d155470b,0
508.namd_r/1,1/super_hot_regions:181,0x5826d1554714,0
508.namd_r/1,1/super_hot_regions:181,0x5826d1554718,0
508.namd_r/1,1/super_hot_regions:181,0x5826d1554729,0
508.namd_r/1,1/super_hot_regions:181,0x5826d155473e,0
508.namd_r/1,1/super_hot_regions:181,0x5826d1554755,0

508.namd_r/1,1/super_hot_regions:182,0x5826d1554710,4
508.namd_r/1,1/super_hot_regions:182,0x5826d155471c,0
508.namd_r/1,1/super_hot_regions:182,0x5826d1554720,0
508.namd_r/1,1/super_hot_regions:182,0x5826d1554733,0
508.namd_r/1,1/super_hot_regions:182,0x5826d1554751,0
508.namd_r/1,1/super_hot_regions:182,0x5826d155475d,0

557.xz_r/2,2/super_hot_regions:82,0x5c02260edb5a,1
557.xz_r/2,2/super_hot_regions:82,0x5c02260edb5f,0

526.blender_r/1,1/super_hot_regions:67,0x56d60d484d93,1
526.blender_r/1,1/super_hot_regions:67,0x56d60d484d9c,0

603.bwaves_s/1,1/super_hot_regions:96,0x71cc30a6c94e,1
603.bwaves_s/1,1/super_hot_regions:96,0x71cc30a6ca13,0

631.deepsjeng_s/1,1/super_hot_regions:108,0x57ee1502e4e9,1
631.deepsjeng_s/1,1/super_hot_regions:108,0x57ee1502e4ec,0

523.xalancbmk_r/1,1/super_hot_regions:64,0x57a6e2b7deaa,1
523.xalancbmk_r/1,1/super_hot_regions:64,0x57a6e2b7dead,0

500.perlbench_r/3,3/super_hot_regions:85,0x621bfa94a098,1
500.perlbench_r/3,3/super_hot_regions:85,0x621bfa94a09b,0
500.perlbench_r/3,3/super_hot_regions:85,0x621bfa94a09d,0

500.perlbench_r/3,3/super_hot_regions:86,0x621bfa94a09f,1
500.perlbench_r/3,3/super_hot_regions:86,0x621bfa94a0a2,0
500.perlbench_r/3,3/super_hot_regions:86,0x621bfa94a0a4,0

603.bwaves_s/2,2/super_hot_regions:85,0x7c1a1df8f94e,1
603.bwaves_s/2,2/super_hot_regions:85,0x7c1a1df8fa13,0

657.xz_s/2,2/super_hot_regions:98,0x58fa710aab5a,1
657.xz_s/2,2/super_hot_regions:98,0x58fa710aab5f,0

508.namd_r/1,1/super_hot_regions:216,0x5826d1557dcb,4
508.namd_r/1,1/super_hot_regions:216,0x5826d1557dcf,0
508.namd_r/1,1/super_hot_regions:216,0x5826d1557dd7,0
508.namd_r/1,1/super_hot_regions:216,0x5826d1557ddb,0
508.namd_r/1,1/super_hot_regions:216,0x5826d1557dea,0
508.namd_r/1,1/super_hot_regions:216,0x5826d1557dfe,0
508.namd_r/1,1/super_hot_regions:216,0x5826d1557e16,0

508.namd_r/1,1/super_hot_regions:217,0x5826d1557dd3,4
508.namd_r/1,1/super_hot_regions:217,0x5826d1557ddf,0
508.namd_r/1,1/super_hot_regions:217,0x5826d1557de3,0
508.namd_r/1,1/super_hot_regions:217,0x5826d1557df3,0
508.namd_r/1,1/super_hot_regions:217,0x5826d1557e11,0
508.namd_r/1,1/super_hot_regions:217,0x5826d1557e1e,0

544.nab_r/1,1/super_hot_regions:80,0x62424f817cbc,1
544.nab_r/1,1/super_hot_regions:80,0x62424f817cc0,0

544.nab_r/1,1/super_hot_regions:81,0x62424f817cc4,1
544.nab_r/1,1/super_hot_regions:81,0x62424f817cc8,0

557.xz_r/3,3/super_hot_regions:96,0x5b74f5e73b5a,1
557.xz_r/3,3/super_hot_regions:96,0x5b74f5e73b5f,0

607.cactuBSSN_s/1,1/super_hot_regions:135,0x72c8dcb2f94e,1
607.cactuBSSN_s/1,1/super_hot_regions:135,0x72c8dcb2fa13,0

508.namd_r/1,1/super_hot_regions:224,0x5826d152f4fa,4
508.namd_r/1,1/super_hot_regions:224,0x5826d152f4fe,0
508.namd_r/1,1/super_hot_regions:224,0x5826d152f506,0
508.namd_r/1,1/super_hot_regions:224,0x5826d152f50a,0
508.namd_r/1,1/super_hot_regions:224,0x5826d152f51a,0
508.namd_r/1,1/super_hot_regions:224,0x5826d152f52f,0
508.namd_r/1,1/super_hot_regions:224,0x5826d152f546,0

508.namd_r/1,1/super_hot_regions:225,0x5826d152f502,4
508.namd_r/1,1/super_hot_regions:225,0x5826d152f50e,0
508.namd_r/1,1/super_hot_regions:225,0x5826d152f512,0
508.namd_r/1,1/super_hot_regions:225,0x5826d152f524,0
508.namd_r/1,1/super_hot_regions:225,0x5826d152f542,0
508.namd_r/1,1/super_hot_regions:225,0x5826d152f54e,0

526.blender_r/1,1/super_hot_regions:82,0x56d60d489904,1
526.blender_r/1,1/super_hot_regions:82,0x56d60d489907,0

507.cactuBSSN_r/1,1/super_hot_regions:118,0x75705f2f194e,1
507.cactuBSSN_r/1,1/super_hot_regions:118,0x75705f2f1a13,0

508.namd_r/1,1/super_hot_regions:236,0x5826d1558b5a,4
508.namd_r/1,1/super_hot_regions:236,0x5826d1558b7b,0
508.namd_r/1,1/super_hot_regions:236,0x5826d1558b96,0
508.namd_r/1,1/super_hot_regions:236,0x5826d1558bce,0
508.namd_r/1,1/super_hot_regions:236,0x5826d1558bec,0
508.namd_r/1,1/super_hot_regions:236,0x5826d1558c34,0

508.namd_r/1,1/super_hot_regions:251,0x5826d1552215,4
508.namd_r/1,1/super_hot_regions:251,0x5826d1552245,0
508.namd_r/1,1/super_hot_regions:251,0x5826d155226f,0
508.namd_r/1,1/super_hot_regions:251,0x5826d15522ac,0
508.namd_r/1,1/super_hot_regions:251,0x5826d15522d1,0
508.namd_r/1,1/super_hot_regions:251,0x5826d15522fd,0

554.roms_r/1,1/super_hot_regions:131,0x7e3586c9394e,1
554.roms_r/1,1/super_hot_regions:131,0x7e3586c93a13,0

657.xz_s/1,1/super_hot_regions:139,0x609e9ee2bb5a,1
657.xz_s/1,1/super_hot_regions:139,0x609e9ee2bb5f,0

508.namd_r/1,1/super_hot_regions:279,0x5826d1563138,4
508.namd_r/1,1/super_hot_regions:279,0x5826d156316a,0
508.namd_r/1,1/super_hot_regions:279,0x5826d1563194,0
508.namd_r/1,1/super_hot_regions:279,0x5826d15631d1,0
508.namd_r/1,1/super_hot_regions:279,0x5826d15631fd,0
508.namd_r/1,1/super_hot_regions:279,0x5826d156321d,0

508.namd_r/1,1/super_hot_regions:292,0x715def1921d8,1
508.namd_r/1,1/super_hot_regions:292,0x715def1921ed,0

511.povray_r/1,1/super_hot_regions:103,0x622355aa69ea,1
511.povray_r/1,1/super_hot_regions:103,0x622355aa69ee,0

549.fotonik3d_r/1,1/super_hot_regions:338,0x5dbd09bcbb9d,1
549.fotonik3d_r/1,1/super_hot_regions:338,0x5dbd09bcbc01,0

507.cactuBSSN_r/1,1/super_hot_regions:155,0x61ec7a49525d,1
507.cactuBSSN_r/1,1/super_hot_regions:155,0x61ec7a49529e,0

603.bwaves_s/1,1/super_hot_regions:162,0x5a7ed4f21225,1
603.bwaves_s/1,1/super_hot_regions:162,0x5a7ed4f21240,0

644.nab_s/1,1/super_hot_regions:138,0x5fac5e13ccbc,1
644.nab_s/1,1/super_hot_regions:138,0x5fac5e13ccc0,0

644.nab_s/1,1/super_hot_regions:139,0x5fac5e13ccc4,1
644.nab_s/1,1/super_hot_regions:139,0x5fac5e13ccc8,0

557.xz_r/1,1/super_hot_regions:146,0x5c92f1c94d74,1
557.xz_r/1,1/super_hot_regions:146,0x5c92f1c94d77,0

557.xz_r/3,3/super_hot_regions:141,0x5b74f5e78420,1
557.xz_r/3,3/super_hot_regions:141,0x5b74f5e78423,0

503.bwaves_r/3,3/super_hot_regions:170,0x5eb154a46cf3,1
503.bwaves_r/3,3/super_hot_regions:170,0x5eb154a46cfd,0

523.xalancbmk_r/1,1/super_hot_regions:95,0x57a6e2bbe50c,1
523.xalancbmk_r/1,1/super_hot_regions:95,0x57a6e2bbe50f,0

548.exchange2_r/1,1/super_hot_regions:110,0x60cba88e9600,1
548.exchange2_r/1,1/super_hot_regions:110,0x60cba88e960b,0

557.xz_r/2,2/super_hot_regions:141,0x5c02260f2420,1
557.xz_r/2,2/super_hot_regions:141,0x5c02260f2423,0

603.bwaves_s/2,2/super_hot_regions:167,0x55c2daaad2a3,1
603.bwaves_s/2,2/super_hot_regions:167,0x55c2daaad2ad,0

548.exchange2_r/1,1/super_hot_regions:113,0x60cba88ea5b0,1
548.exchange2_r/1,1/super_hot_regions:113,0x60cba88ea5bc,0

503.bwaves_r/1,1/super_hot_regions:178,0x5e2ee973ecf3,1
503.bwaves_r/1,1/super_hot_regions:178,0x5e2ee973ecfd,0

503.bwaves_r/2,2/super_hot_regions:178,0x64944a588cf3,1
503.bwaves_r/2,2/super_hot_regions:178,0x64944a588cfd,0

531.deepsjeng_r/1,1/super_hot_regions:152,0x6224487ba16b,1
531.deepsjeng_r/1,1/super_hot_regions:152,0x6224487ba16e,0

600.perlbench_s/3,3/super_hot_regions:130,0x5ad33670b098,1
600.perlbench_s/3,3/super_hot_regions:130,0x5ad33670b09b,0
600.perlbench_s/3,3/super_hot_regions:130,0x5ad33670b09d,0

600.perlbench_s/3,3/super_hot_regions:131,0x5ad33670b09f,1
600.perlbench_s/3,3/super_hot_regions:131,0x5ad33670b0a2,0
600.perlbench_s/3,3/super_hot_regions:131,0x5ad33670b0a4,0

603.bwaves_s/2,2/super_hot_regions:175,0x55c2daaad7e0,1
603.bwaves_s/2,2/super_hot_regions:175,0x55c2daaad7ea,0

648.exchange2_s/1,1/super_hot_regions:113,0x63beba662600,1
648.exchange2_s/1,1/super_hot_regions:113,0x63beba66260b,0

648.exchange2_s/1,1/super_hot_regions:116,0x63beba6635b0,1
648.exchange2_s/1,1/super_hot_regions:116,0x63beba6635bc,0

503.bwaves_r/3,3/super_hot_regions:190,0x5eb154a47225,1
503.bwaves_r/3,3/super_hot_regions:190,0x5eb154a47240,0

603.bwaves_s/1,1/super_hot_regions:190,0x5a7ed4f207e0,1
603.bwaves_s/1,1/super_hot_regions:190,0x5a7ed4f207ea,0

519.lbm_r/1,1/super_hot_regions:167,0x583214d051db,1
519.lbm_r/1,1/super_hot_regions:167,0x583214d051df,0

603.bwaves_s/2,2/super_hot_regions:192,0x55c2daaae225,1
603.bwaves_s/2,2/super_hot_regions:192,0x55c2daaae240,0

503.bwaves_r/2,2/super_hot_regions:199,0x64944a589225,1
503.bwaves_r/2,2/super_hot_regions:199,0x64944a589240,0

603.bwaves_s/1,1/super_hot_regions:198,0x5a7ed4f202a3,1
603.bwaves_s/1,1/super_hot_regions:198,0x5a7ed4f202ad,0

503.bwaves_r/4,4/super_hot_regions:197,0x5693fc674cf3,1
503.bwaves_r/4,4/super_hot_regions:197,0x5693fc674cfd,0

603.bwaves_s/2,2/super_hot_regions:199,0x55c2daaadcf3,1
603.bwaves_s/2,2/super_hot_regions:199,0x55c2daaadcfd,0

503.bwaves_r/1,1/super_hot_regions:208,0x5e2ee973e7e0,1
503.bwaves_r/1,1/super_hot_regions:208,0x5e2ee973e7ea,0

503.bwaves_r/3,3/super_hot_regions:206,0x5eb154a467e0,1
503.bwaves_r/3,3/super_hot_regions:206,0x5eb154a467ea,0

