run_tag,timestamp_utc,pblock,pblock_slice%,pblock_dsp%,slice_total,dsp_total,fmax_mhz,wns_ns,stage_count,muops,pcs,latencies
my_run_tag,2025-07-03T06:32:25Z,pblock_2,5.42,4.17,205,3,446.961,1.096,1+1+1+1,"IMUL-ADD, AND-AND, DEC-SUB, INC-SHL",,
my-run-tag,2025-07-03T06:36:11Z,pblock_2,5.42,4.17,205,3,446.961,1.096,1+1+1+1,"IMUL-ADD, AND-AND, DEC-SUB, INC-SHL",,
my-run-tag,2025-07-03T06:47:30Z,pblock_2,5.42,4.17,205,3,446.961,1.096,1+1+1+1,"IMUL-ADD, AND-AND, DEC-SUB, INC-SHL","0x61ec7a61b01b,0x7f367c4cd94e,0x61e49ab37bd0,0x5b5b15ecd1f1","3,2,2,3"
my-run-tag,2025-07-03T06:54:10Z,pblock_2,5.42,4.17,205,3,446.961,1.096,1+1+1+1,"IMUL-ADD, AND-AND, DEC-SUB, INC-SHL","0x61ec7a61b01b,0x7f367c4cd94e,0x61e49ab37bd0,0x5b5b15ecd1f1","3,2,2,3"
my-run-tag,2025-07-03T07:10:45Z,pblock_2,5.42,4.17,205,3,446.961,1.096,1+1+1+1,"IMUL-ADD, AND-AND, DEC-SUB, INC-SHL","0x61ec7a61b01b,0x7f367c4cd94e,0x61e49ab37bd0,0x5b5b15ecd1f1","1,1,1,1"
my-run-tag,2025-07-03T07:39:58Z,pblock_2,5.42,4.17,205,3,446.961,1.096,1+1+1+1,"IMUL-ADD, AND-AND, DEC-SUB, INC-SHL","0x61ec7a61b01b,0x7f367c4cd94e,0x61e49ab37bd0,0x5b5b15ecd1f1","3,2,2,3"
my-run-tag,2025-07-03T07:43:50Z,pblock_2,5.42,4.17,205,3,446.961,1.096,1+1+1+1,"IMUL-ADD, AND-AND, DEC-SUB, INC-SHL","0x61ec7a61b01b,0x7f367c4cd94e,0x61e49ab37bd0,0x5b5b15ecd1f1","3,2,2,3"
my-run-tag,2025-07-03T07:44:41Z,pblock_2,5.42,4.17,205,3,446.961,1.096,1+1+1+1,"IMUL-ADD, AND-AND, DEC-SUB, INC-SHL","0x61ec7a61b01b,0x7f367c4cd94e,0x61e49ab37bd0,0x5b5b15ecd1f1","1,1,1,1"
v-2,2025-07-05T02:23:18Z,pblock_2,5.42,4.17,205,3,446.961,1.096,1+1+1+1,"IMUL-ADD, AND-AND, DEC-SUB, INC-SHL","0x61ec7a61b01b,0x61ec7a61b027,0x7f367c4cd94e,0x7f367c4cda13,0x61e49ab37bd0,0x61e49ab37bd6,0x5b5b15ecd1f1,0x5b5b15ecd200","1,0,1,0,1,0,1,0"
v-2,2025-07-05T02:40:30Z,pblock_2,5.42,4.17,205,3,446.961,1.096,1+1+1+1,IMUL-ADD;AND-AND;IMUL-ADD;AND-AND;IMUL-ADD;AND-AND;IMUL-ADD;AND-AND,"0x61ec7a61b01b,0x61ec7a61b027,0x7f367c4cd94e,0x7f367c4cda13,0x61e49ab37bd0,0x61e49ab37bd6,0x5b5b15ecd1f1,0x5b5b15ecd200","1,0,1,0,1,0,1,0"
v-2,2025-07-05T02:46:03Z,pblock_2,5.42,4.17,205,3,446.961,1.096,1+1+1+1,"IMUL-ADD, AND-AND, DEC-SUB, INC-SHL","0x61ec7a61b01b,0x61ec7a61b027,0x7f367c4cd94e,0x7f367c4cda13,0x61e49ab37bd0,0x61e49ab37bd6,0x5b5b15ecd1f1,0x5b5b15ecd200","1,0,1,0,1,0,1,0"
v-2,2025-07-05T02:54:06Z,pblock_2,5.42,4.17,205,3,446.961,1.096,1+1+1+1,"IMUL-ADD, AND-AND, DEC-SUB, INC-SHL","0x61ec7a61b01b,0x61ec7a61b027,0x7f367c4cd94e,0x7f367c4cda13,0x61e49ab37bd0,0x61e49ab37bd6,0x5b5b15ecd1f1,0x5b5b15ecd200","1,0,1,0,1,0,1,0"
v-2,2025-07-05T02:58:48Z,pblock_2,5.42,4.17,205,3,446.961,1.096,1+1+1+1,"IMUL-ADD, AND-AND, DEC-SUB, INC-SHL","0x61ec7a61b01b,0x61ec7a61b027,0x7f367c4cd94e,0x7f367c4cda13,0x61e49ab37bd0,0x61e49ab37bd6,0x5b5b15ecd1f1,0x5b5b15ecd200","1,0,1,0,1,0,1,0"
v-2,2025-07-05T04:44:02Z,pblock_2,7.76,2.58,10236,16,7.515,-129.738,1+1+1+1+1+1+1+1+1+1+1+1+1+1+1+1+1+1+1+1+1+1+1,"IMUL-ADD, AND-AND, DEC-SUB, INC-SHL, DEC-IMUL, IMUL-ADD, SUB-SAR, INC-SHL, AND-AND, NOT-ADD, ADD-AND, SUB-SAR, SAR-AND, IDIV-IDIV, AND-AND, AND-AND, ADD-ADD-ADD, AND-AND, SUB-SAR, INC-SHL, INC-SHL, INC-SHL, SUB-SUB","0x61ec7a61b01b,0x61ec7a61b027,0x7f367c4cd94e,0x7f367c4cda13,0x61e49ab37bd0,0x61e49ab37bd6,0x5b5b15ecd1f1,0x5b5b15ecd200,0x633a6b2e0c1c,0x633a6b2e0c1f,0x622355b2facd,0x622355b2fad4,0x61e49ab37b91,0x61e49ab37b94,0x577f79d88478,0x577f79d884b4,0x77ba1252d94e,0x77ba1252da13,0x609e9ee3014d,0x609e9ee30150,0x5b35c687f6da,0x5b35c687f6dd,0x5c02260edb5a,0x5c02260edb5f,0x57ee1502e4e9,0x57ee1502e4ec,0x5eb154a48eeb,0x5eb154a49197,0x7c1a1df8f94e,0x7c1a1df8fa13,0x72c8dcb2f94e,0x72c8dcb2fa13,0x56c92fff4ff7,0x56c92fff5002,0x56c92fff5005,0x75705f2f194e,0x75705f2f1a13,0x609e9ee2bb5a,0x609e9ee2bb5f,0x5eb154a46cf3,0x5eb154a46cfd,0x55c2daaad2a3,0x55c2daaad2ad,0x5e2ee973ecf3,0x5e2ee973ecfd,0x6224487ba16b,0x6224487ba16e","1,0,1,0,1,0,1,0,1,0,1,0,1,0,1,0,1,0,1,0,1,0,1,0,1,0,1,0,1,0,1,0,1,0,0,1,0,1,0,1,0,1,0,1,0,1,0"
simd-508.namd_r,2025-07-07T14:23:11Z,pblock_2,3.21,6.45,128,24,206.597,-1.507,4+4+4+4+4+4+4+4,"FSUB-FSUB-FSUB-FMUL-FMA-FMA-FCMP, FSUB-FSUB-FSUB-FMUL-FMA-FMA-FCMP, FSUB-FSUB-FSUB-FMUL-FMA-FMA, FSUB-FSUB-FSUB-FMUL-FMA-FMA-FCMP, FSUB-FSUB-FSUB-FMUL-FMA-FMA-FCMP, FSUB-FSUB-FSUB-FMUL-FMA-FMA-FCMP, FSUB-FSUB-FSUB-FMUL-FMA-FMA-FCMP, FSUB-FSUB-FSUB-FMUL-FMA-FMA-FCMP","0x5826d152c720,0x5826d152c724,0x5826d152c731,0x5826d152c72d,0x5826d152c741,0x5826d152c756,0x5826d152c784,0x5826d152c501,0x5826d152c505,0x5826d152c512,0x5826d152c50e,0x5826d152c523,0x5826d152c538,0x5826d152c54f,0x5826d152c50a,0x5826d152c51a,0x5826d152c54b,0x5826d152c516,0x5826d152c52d,0x5826d152c557,0x5826d15329e0,0x5826d15329e4,0x5826d15329f1,0x5826d15329ed,0x5826d1532a01,0x5826d1532a16,0x5826d1532a44,0x5826d1554938,0x5826d155493c,0x5826d1554949,0x5826d1554945,0x5826d1554959,0x5826d155496e,0x5826d155499b,0x5826d155b080,0x5826d155b084,0x5826d155b091,0x5826d155b08d,0x5826d155b0a1,0x5826d155b0b6,0x5826d155b0e4,0x5826d1558010,0x5826d1558014,0x5826d1558020,0x5826d155801c,0x5826d1558030,0x5826d1558045,0x5826d1558073,0x5826d15427e9,0x5826d15427f1,0x5826d1542801,0x5826d15427f5,0x5826d154280a,0x5826d154281e,0x5826d1542839","4,0,0,0,0,0,0,4,0,0,0,0,0,0,4,0,0,0,0,0,4,0,0,0,0,0,0,4,0,0,0,0,0,0,4,0,0,0,0,0,0,4,0,0,0,0,0,0,4,0,0,0,0,0,0"
508-3-block-FP64-777,2025-07-10T11:10:20Z,pblock_2,72.62,45.42,19426,109,393.185,0.79,4+4+5,"VSUBSD-VSUBSD-VMULSD-VSUBSD-VFMADD132SD-VFMADD132SD-VCOMISD, VSUBSD-VMULSD-VSUBSD-VSUBSD-VFMADD132SD-VFMADD132SD-VMOVSD, VSUBSD-VSUBSD-VFMADD132SD-VFMADD132SD-VSUBSD-VFMADD132SD-VMOVSD","0x5826d153f130,0x5826d153f138,0x5826d153f13c,0x5826d153f148,0x5826d153f151,0x5826d153f167,0x5826d153f182,0x5826d153f134,0x5826d153f140,0x5826d153f144,0x5826d153f14d,0x5826d153f156,0x5826d153f16c,0x5826d153f18f,0x5826d153c410,0x5826d153c41e,0x5826d153c423,0x5826d153c448,0x5826d153c44d,0x5826d153c465,0x5826d153c4c8","4,0,0,0,0,0,0,4,0,0,0,0,0,0,5,0,0,0,0,0,0"
500.perlbench_r_1,2025-07-10T12:07:32Z,pblock_2,1.14,,31,0,1103.347,2.427,1+1+1,"DEC-MOVSXD, MOV-AND, XOR-MOV","0x5826d153f130,0x5826d153f138,0x5826d153f13c,0x5826d153f148,0x5826d153f151,0x5826d153f167,0x5826d153f182,0x5826d153f134,0x5826d153f140,0x5826d153f144,0x5826d153f14d,0x5826d153f156,0x5826d153f16c,0x5826d153f18f,0x5826d153c410,0x5826d153c41e,0x5826d153c423,0x5826d153c448,0x5826d153c44d,0x5826d153c465,0x5826d153c4c8","4,0,0,0,0,0,0,4,0,0,0,0,0,0,5,0,0,0,0,0,0"
500.perlbench_r,2025-07-10T16:45:45Z,pblock_2,4.59,,93,0,1001.669,2.335,1+1+1,"DEC-MOVSXD, MOV-AND, XOR-MOV","0x5826d153f130,0x5826d153f138,0x5826d153f13c,0x5826d153f148,0x5826d153f151,0x5826d153f167,0x5826d153f182,0x5826d153f134,0x5826d153f140,0x5826d153f144,0x5826d153f14d,0x5826d153f156,0x5826d153f16c,0x5826d153f18f,0x5826d153c410,0x5826d153c41e,0x5826d153c423,0x5826d153c448,0x5826d153c44d,0x5826d153c465,0x5826d153c4c8","4,0,0,0,0,0,0,4,0,0,0,0,0,0,5,0,0,0,0,0,0"
