idx,stages,latency,critσ,finalE,added_mem_raw,added_mem_war,added_mem_waw,added_mem_rar,added_mem_cons,dsp_need_total
0,2,2,0.5,1,0,0,0,0,0,0
1,2,2,0.5,3,0,0,0,0,0,0
2,2,2,0.5,1,0,0,0,0,0,0
3,1,1,0.0,1,0,0,0,0,0,0
4,1,1,0.0,1,0,0,0,0,0,0
5,1,1,0.0,1,0,0,0,0,0,0
6,2,2,0.5,9,0,0,0,0,0,0
7,1,1,0.0,1,0,0,0,0,0,0
8,1,1,0.0,1,0,0,0,0,0,0
9,2,2,0.0,1,0,0,0,0,1,0
10,1,1,0.0,1,0,0,0,0,0,0
11,4,4,1.0897247358851685,7,0,0,0,0,0,12
12,1,1,0.0,1,0,0,0,0,1,0
13,2,2,0.0,1,0,0,0,0,0,0
14,2,2,0.5,1,0,0,0,0,0,0
15,1,1,0.0,1,0,0,0,0,0,0
16,2,2,0.0,1,0,0,0,0,0,0
17,1,1,0.0,1,0,0,0,0,0,0
18,1,1,0.0,1,0,0,0,0,1,0
19,2,2,0.5,1,0,0,0,0,0,0
20,1,1,0.0,3,0,0,0,0,0,0
21,1,1,0.0,1,0,0,0,0,0,0
22,2,2,0.0,1,0,0,0,0,0,0
23,2,2,0.0,1,0,0,0,0,0,0
24,3,3,0.0,3,0,0,0,0,0,0
25,1,1,0.0,1,0,0,0,0,0,0
26,1,1,0.0,7,0,0,0,0,0,0
27,9,9,0.41573970964154905,50,0,0,0,0,0,0
28,2,2,0.5,2,0,0,0,0,0,0
29,1,1,0.0,1,0,0,0,0,0,0
30,2,2,1.5,6,0,0,0,0,0,0
31,2,2,2.5,20,0,0,0,0,0,0
32,2,2,0.0,1,0,0,0,0,0,0
33,2,2,1.5,7,0,0,0,0,0,0
34,1,1,0.0,1,0,0,0,0,0,0
35,1,1,0.0,1,0,0,0,0,0,0
36,2,2,0.0,1,0,0,0,0,0,0
37,2,2,0.5,1,0,0,0,0,0,0
38,5,5,0.0,7,1,3,0,0,0,0
39,2,2,0.0,1,0,0,0,0,1,0
40,2,2,0.0,1,0,1,0,0,0,0
41,2,2,0.0,1,0,0,0,0,0,0
42,2,2,0.5,2,0,0,0,0,0,0
43,1,1,0.0,1,0,0,0,0,0,0
44,2,2,1.0,4,0,0,0,0,0,0
45,2,2,0.5,1,0,0,0,0,0,0
46,1,1,0.0,3,0,0,0,0,0,0
47,2,2,0.5,3,0,0,0,0,0,0
48,2,2,0.5,3,0,0,0,0,0,0
49,2,2,0.5,3,0,1,0,0,0,0
50,2,2,0.5,1,0,0,0,0,0,0
51,1,1,0.0,1,0,0,0,0,0,0
52,2,2,0.0,1,0,0,0,0,0,0
53,1,1,0.0,4,0,0,0,0,0,0
54,1,1,0.0,2,0,0,0,0,0,0
55,3,3,3.7416573867739413,100,0,0,0,0,0,0
56,2,2,0.0,1,0,1,0,0,0,0
57,2,2,0.0,1,0,1,0,0,0,0
58,1,1,0.0,1,0,0,0,0,0,0
59,1,1,0.0,53,0,0,0,0,0,0
60,2,2,0.0,1,0,0,0,0,1,0
61,4,4,1.0897247358851685,7,0,0,0,0,0,12
62,1,1,0.0,1,0,0,0,0,1,0
63,2,2,0.0,1,0,0,0,0,0,0
64,2,2,0.0,1,0,0,0,0,0,0
65,2,2,0.5,1,0,0,0,0,0,0
66,2,2,0.0,1,0,0,0,0,0,0
67,2,2,0.5,3,0,0,0,0,0,0
68,2,2,0.0,2,0,0,0,0,0,0
69,1,1,0.0,1,0,0,0,0,0,0
70,4,4,0.0,5,0,1,0,0,2,0
71,5,5,0.0,7,1,3,0,0,0,0
72,2,2,0.0,1,0,0,0,0,1,0
73,1,1,0.0,1,0,0,0,0,0,0
74,1,1,0.0,1,0,0,0,0,0,0
75,2,2,0.5,3,0,0,0,0,0,0
76,2,2,0.0,1,0,1,0,0,0,0
77,2,2,1.0,1,0,1,0,0,0,0
78,1,1,0.0,1,0,0,0,0,0,0
79,2,2,0.0,1,0,0,0,0,1,0
80,2,2,0.5,2,0,0,0,0,0,0
81,2,2,0.0,1,0,1,0,0,0,0
82,2,2,0.0,1,0,0,0,0,0,0
83,2,2,0.5,1,0,0,0,0,0,0
84,1,1,0.0,1,0,0,0,0,0,0
85,2,2,0.0,1,0,0,0,0,0,0
86,1,1,0.0,1,0,0,0,0,0,0
87,1,1,0.0,1,0,0,0,0,0,0
88,1,1,0.0,1,0,0,0,0,0,0
89,2,2,0.5,1,0,0,0,0,0,0
90,2,2,0.5,1,0,0,0,0,0,0
91,1,1,0.0,7,0,0,0,0,0,0
92,9,9,0.41573970964154905,50,0,0,0,0,0,0
93,2,2,0.5,2,0,0,0,0,0,0
94,1,1,0.0,1,0,0,0,0,0,0
95,2,2,0.0,1,0,0,0,0,0,0
96,2,2,1.0,3,0,0,0,0,0,0
97,2,2,0.0,1,0,0,0,0,0,0
98,2,2,0.0,1,0,0,0,0,0,0
99,1,1,0.0,1,0,0,0,0,0,0
100,2,2,0.5,1,0,0,0,0,0,0
101,2,2,0.0,1,0,0,0,0,0,0
102,1,1,0.0,1,0,0,0,0,0,0
103,1,1,0.0,1,0,0,0,0,1,0
104,2,2,0.5,1,0,0,0,0,0,0
105,3,3,3.7416573867739413,100,0,0,0,0,0,0
106,1,1,0.0,53,0,0,0,0,0,0
107,1,1,0.0,3,0,0,0,0,0,0
108,1,1,0.0,1,0,0,0,0,0,0
109,2,2,0.0,2,0,0,0,0,0,0
110,1,1,0.0,1,0,0,0,0,0,0
111,2,2,0.0,1,0,0,0,0,0,0
112,2,2,0.0,1,0,0,0,0,1,0
113,4,4,1.0897247358851685,7,0,0,0,0,0,12
114,1,1,0.0,1,0,0,0,0,1,0
115,1,1,0.0,1,0,0,0,0,0,0
116,2,2,0.5,4,0,0,0,0,0,0
117,2,2,0.5,3,0,0,0,0,0,0
118,1,1,0.0,1,0,0,0,0,0,0
119,1,1,0.0,1,0,0,0,0,0,0
120,2,2,0.0,1,0,0,0,0,0,0
121,2,2,0.0,1,0,0,0,0,0,0
122,3,3,0.0,3,0,0,0,0,0,0
123,1,1,0.0,2,0,0,0,0,0,0
124,1,1,0.0,1,0,0,0,0,0,0
125,1,1,0.0,2,0,0,0,0,0,0
126,1,1,0.0,2,0,0,0,0,0,0
127,1,1,0.0,1,0,0,0,0,0,0
128,4,4,0.4330127018922193,6,2,0,0,0,0,0
129,2,2,0.0,1,0,0,0,0,0,0
130,3,3,0.0,3,0,0,0,0,0,0
131,1,1,0.0,1,0,0,0,0,0,0
132,2,2,1.0,3,0,0,0,0,0,12
133,2,2,0.5,3,0,0,0,0,1,4
134,2,2,0.5,1,0,0,0,0,0,0
135,2,2,0.5,1,0,0,0,0,0,0
136,1,1,0.0,6,0,0,0,0,0,0
137,1,1,0.0,1,0,0,0,0,0,0
138,1,1,0.0,1,0,0,0,0,0,0
139,2,2,0.5,1,0,0,0,0,0,0
140,1,1,0.0,6,0,0,0,0,0,0
141,1,1,0.0,1,0,0,0,0,0,0
142,1,1,0.0,3,0,0,0,0,0,0
143,1,1,0.0,1,0,0,0,0,0,0
144,2,2,0.0,1,0,0,0,0,0,0
145,2,2,0.0,2,0,0,0,1,0,0
146,1,1,0.0,1,0,0,0,0,0,0
147,2,2,0.0,1,0,1,0,0,0,0
148,2,2,0.0,1,0,1,0,0,0,0
149,2,2,1.0,2,0,0,0,0,0,0
150,2,2,1.0,3,0,0,0,0,0,0
151,1,1,0.0,1,0,0,0,0,0,0
152,1,1,0.0,1,0,0,0,0,0,0
153,1,1,0.0,1,0,0,0,0,0,0
154,2,2,0.5,1,0,0,0,0,0,0
155,1,1,0.0,1,0,0,0,0,0,0
156,2,2,0.5,1,0,0,0,0,0,0
157,2,2,0.5,2,0,0,0,1,0,0
158,2,2,0.0,1,0,1,0,0,0,0
159,2,2,1.0,2,0,0,0,0,0,0
160,2,2,0.0,1,0,0,0,0,0,0
161,2,2,1.0,3,0,0,0,0,0,0
162,2,2,0.0,2,0,0,0,0,0,0
163,1,1,0.0,1,0,0,0,0,0,0
164,1,1,0.0,6,0,0,0,0,0,0
165,1,1,0.0,1,0,0,0,0,0,0
166,1,1,0.0,1,0,0,0,0,0,0
167,2,2,0.5,1,0,0,0,0,0,0
168,1,1,0.0,6,0,0,0,0,0,0
169,1,1,0.0,1,0,0,0,0,0,0
170,3,3,0.4714045207910317,2,0,0,0,0,0,0
171,1,1,0.0,3,0,0,0,0,0,0
172,2,2,0.0,2,0,0,0,0,0,0
173,1,1,0.0,1,0,0,0,0,0,0
174,1,1,0.0,1,0,0,0,0,0,0
175,2,2,0.5,1,0,0,0,0,0,0
176,2,2,1.0,4,0,0,0,0,0,0
177,2,2,0.0,2,0,0,0,1,0,0
178,1,1,0.0,1,0,0,0,0,0,0
179,1,1,0.0,1,0,0,0,0,0,0
180,1,1,0.0,1,0,0,0,0,0,0
181,2,2,0.5,2,0,0,0,1,0,0
182,2,2,0.0,1,0,1,0,0,0,0
183,2,2,1.0,2,0,0,0,0,0,0
184,2,2,1.0,3,0,0,0,0,0,0
185,2,2,0.0,1,0,0,0,0,0,0
186,1,1,0.0,1,0,0,0,0,0,0
187,1,1,0.0,1,0,0,0,0,0,0
188,2,2,0.0,2,0,0,0,1,0,0
189,2,2,0.0,2,0,0,0,1,0,0
190,1,1,0.0,6,0,0,0,0,0,0
191,1,1,0.0,1,0,0,0,0,0,0
192,2,2,0.0,1,0,0,0,0,0,0
193,2,2,0.5,1,0,0,0,0,0,0
194,2,2,0.5,1,0,0,0,0,0,0
195,1,1,0.0,1,0,0,0,0,0,0
196,1,1,0.0,1,0,0,0,0,0,0
197,1,1,0.0,1,0,0,0,0,0,0
198,1,1,0.0,1,0,0,0,0,0,0
199,2,2,0.0,1,0,0,0,0,0,0
200,1,1,0.0,1,0,0,0,0,0,0
201,1,1,0.0,1,0,0,0,0,0,0
202,2,2,0.5,1,0,0,0,0,0,0
203,2,2,0.0,2,0,0,0,1,0,0
204,1,1,0.0,1,0,0,0,0,0,0
205,2,2,0.0,1,0,0,0,0,0,0
206,2,2,0.0,1,0,1,0,0,0,0
207,2,2,0.0,1,0,1,0,0,0,0
208,1,1,0.0,1,0,0,0,0,0,0
209,2,2,0.5,1,0,0,0,0,0,0
210,1,1,0.0,6,0,0,0,0,0,0
211,1,1,0.0,1,0,0,0,0,0,0
212,2,2,0.5,1,0,0,0,0,0,0
213,1,1,0.0,6,0,0,0,0,0,0
214,1,1,0.0,1,0,0,0,0,0,0
215,1,1,0.0,1,0,0,0,0,0,0
216,1,1,0.0,3,0,0,0,0,0,0
217,1,1,0.0,1,0,0,0,0,0,0
218,1,1,0.0,1,0,0,0,0,0,0
219,2,2,0.0,1,0,1,0,0,0,0
220,2,2,0.0,2,0,0,0,1,0,0
221,1,1,0.0,1,0,0,0,0,0,0
222,2,2,0.0,1,0,1,0,0,0,0
223,2,2,1.0,2,0,0,0,0,0,0
224,2,2,1.0,3,0,0,0,0,0,0
225,2,2,0.5,1,0,0,0,0,0,0
226,2,2,0.0,2,0,0,0,0,0,0
227,1,1,0.0,4,0,0,0,0,0,12
228,1,1,0.0,1,0,0,0,0,0,0
229,4,4,0.0,4,0,0,0,0,0,0
230,1,1,0.0,1,0,0,0,0,0,0
231,3,3,0.0,3,0,1,0,0,1,0
232,3,3,0.4714045207910317,5,1,0,0,0,0,0
233,1,1,0.0,1,0,0,0,0,0,0
234,3,3,0.4714045207910317,2,0,0,0,0,0,0
235,3,3,0.4714045207910317,2,0,0,0,0,0,0
236,1,1,0.0,1,0,0,0,0,0,0
237,3,3,0.4714045207910317,2,0,0,0,0,0,0
238,1,1,0.0,1,0,0,0,0,0,0
239,1,1,0.0,6,0,0,0,0,0,0
240,1,1,0.0,1,0,0,0,0,0,0
241,3,3,0.4714045207910317,4,0,0,0,0,0,0
242,1,1,0.0,1,0,0,0,0,0,0
243,3,3,0.4714045207910317,3,0,0,0,0,0,0
244,1,1,0.0,1,0,0,0,0,0,0
245,3,3,0.4714045207910317,3,0,0,0,0,0,0
246,2,2,0.0,2,0,0,0,1,0,0
247,1,1,0.0,1,0,0,0,0,0,0
248,2,2,0.0,1,0,1,0,0,0,0
249,1,1,0.0,1,0,0,0,0,0,0
250,2,2,1.0,2,0,0,0,0,0,0
251,2,2,1.0,3,0,0,0,0,0,0
252,3,3,0.0,2,0,0,0,0,0,0
253,1,1,0.0,1,0,0,0,0,0,0
254,1,1,0.0,1,0,0,0,0,0,0
255,1,1,0.0,3,0,0,0,0,0,0
256,2,2,0.5,1,0,0,0,0,0,0
257,1,1,0.0,6,0,0,0,0,0,0
258,2,2,0.0,1,0,0,0,0,0,0
259,1,1,0.0,1,0,0,0,0,0,0
260,6,6,0.7453559924999299,5,0,0,0,0,0,0
261,1,1,0.0,1,0,0,0,0,0,0
262,1,1,0.0,1,0,0,0,0,0,0
263,1,1,0.0,1,0,0,0,0,0,0
264,1,1,0.0,1,0,0,0,0,0,0
265,2,2,1.0,3,0,0,0,0,0,0
266,2,2,1.0,1,0,0,0,0,0,0
267,8,8,1.7320508075688772,84,4,0,0,4,0,0
268,2,2,0.0,2,1,0,0,0,0,0
269,2,2,0.0,3,1,0,0,0,0,0
270,2,2,0.0,2,1,0,0,0,0,0
271,1,1,0.0,1,0,0,0,0,0,0
272,1,1,0.0,1,0,0,0,0,0,0
273,1,1,0.0,1,0,0,0,0,0,0
274,3,3,2.494438257849294,5,0,0,0,0,0,0
275,1,1,0.0,1,0,0,0,0,0,0
276,1,1,0.0,1,0,0,0,0,0,0
277,1,1,0.0,1,0,0,0,0,0,0
278,1,1,0.0,1,0,0,0,0,0,0
279,3,3,0.9428090415820634,4,1,0,0,0,0,0
280,2,2,0.0,3,1,0,0,0,0,0
281,1,1,0.0,1,0,0,0,0,0,0
282,2,2,0.0,2,1,0,0,0,0,0
283,2,2,0.5,1,0,0,0,0,0,0
284,1,1,0.0,1,0,0,0,0,0,0
285,1,1,0.0,1,0,0,0,0,0,0
286,2,2,0.5,3,0,0,0,0,1,0
287,2,2,1.0,1,0,0,0,0,0,0
288,2,2,1.0,1,0,0,0,0,0,0
289,2,2,0.0,1,0,0,0,0,0,0
290,2,2,0.0,1,0,0,0,0,0,0
291,1,1,0.0,1,0,0,0,0,0,0
292,3,3,0.9428090415820634,3,1,0,0,0,0,0
293,19,19,1.5217718205053643,874,2,0,0,3,0,48
294,1,1,0.0,1,0,0,0,0,0,0
295,1,1,0.0,1,0,0,0,0,0,0
296,1,1,0.0,1,0,0,0,0,0,0
297,3,3,0.9428090415820634,4,0,0,0,0,0,0
298,3,3,0.4714045207910317,6,0,0,0,0,0,0
299,3,3,0.9428090415820634,2,0,0,0,0,0,0
300,1,1,0.0,1,0,0,0,0,0,0
301,2,2,1.0,1,0,0,0,0,0,0
302,2,2,0.5,3,0,0,0,0,0,0
303,4,4,1.0,6,0,0,0,0,0,0
304,3,3,0.9428090415820634,2,0,0,0,0,0,0
305,1,1,0.0,1,0,0,0,0,0,0
306,1,1,0.0,1,0,0,0,0,0,0
307,1,1,0.0,1,0,0,0,0,0,0
308,3,3,0.9428090415820634,4,0,0,0,0,0,0
309,4,4,1.224744871391589,47,0,0,0,1,0,24
310,1,1,0.0,1,0,0,0,0,0,0
311,1,1,0.0,1,0,0,0,0,0,0
312,2,2,2.0,2,0,0,0,0,0,0
313,1,1,0.0,1,0,0,0,0,0,0
314,1,1,0.0,1,0,0,0,0,0,0
315,2,2,1.0,3,0,0,0,0,0,0
316,8,8,1.7320508075688772,84,4,0,0,4,0,0
317,2,2,0.0,2,1,0,0,0,0,0
318,2,2,0.0,3,1,0,0,0,0,0
319,2,2,0.0,2,1,0,0,0,0,0
320,6,6,0.7453559924999299,5,0,0,0,0,0,0
321,1,1,0.0,1,0,0,0,0,0,0
322,1,1,0.0,1,0,0,0,0,0,0
323,1,1,0.0,1,0,0,0,0,0,0
324,2,2,1.0,1,0,0,0,0,0,0
325,1,1,0.0,1,0,0,0,0,0,0
326,2,2,2.0,2,0,0,0,0,0,0
327,1,1,0.0,1,0,0,0,0,0,0
328,3,3,2.494438257849294,5,0,0,0,0,0,0
329,1,1,0.0,1,0,0,0,0,0,0
330,1,1,0.0,1,0,0,0,0,0,0
331,1,1,0.0,1,0,0,0,0,0,0
332,1,1,0.0,1,0,0,0,0,0,0
333,3,3,0.9428090415820634,4,1,0,0,0,0,0
334,2,2,0.0,3,1,0,0,0,0,0
335,1,1,0.0,1,0,0,0,0,0,0
336,2,2,0.0,2,1,0,0,0,0,0
337,2,2,0.5,1,0,0,0,0,0,0
338,1,1,0.0,1,0,0,0,0,0,0
339,1,1,0.0,1,0,0,0,0,0,0
340,2,2,0.5,3,0,0,0,0,1,0
341,2,2,1.0,1,0,0,0,0,0,0
342,2,2,1.0,1,0,0,0,0,0,0
343,2,2,0.0,1,0,0,0,0,0,0
344,2,2,0.0,1,0,0,0,0,0,0
345,1,1,0.0,1,0,0,0,0,0,0
346,3,3,0.9428090415820634,3,1,0,0,0,0,0
347,19,19,1.5217718205053643,874,2,0,0,3,0,48
348,1,1,0.0,1,0,0,0,0,0,0
349,1,1,0.0,1,0,0,0,0,0,0
350,1,1,0.0,1,0,0,0,0,0,0
351,3,3,0.9428090415820634,4,0,0,0,0,0,0
352,3,3,0.4714045207910317,6,0,0,0,0,0,0
353,3,3,0.9428090415820634,2,0,0,0,0,0,0
354,2,2,0.5,3,0,0,0,0,0,0
355,4,4,1.0,6,0,0,0,0,0,0
356,3,3,0.9428090415820634,2,0,0,0,0,0,0
357,2,2,0.5,1,0,0,0,0,0,0
358,1,1,0.0,1,0,0,0,0,0,0
359,1,1,0.0,1,0,0,0,0,0,0
360,2,2,0.5,3,0,0,0,0,1,0
361,1,1,0.0,1,0,0,0,0,0,0
362,2,2,1.0,1,0,0,0,0,0,0
363,3,3,0.9428090415820634,2,0,0,0,0,0,0
364,4,4,1.224744871391589,47,0,0,0,1,0,24
365,1,1,0.0,1,0,0,0,0,0,0
366,2,2,0.0,1,0,0,0,0,0,0
367,1,1,0.0,1,0,0,0,0,0,0
368,1,1,0.0,1,0,0,0,0,0,0
369,1,1,0.0,1,0,0,0,0,0,0
370,1,1,0.0,1,0,0,0,0,0,0
371,1,1,0.0,1,0,0,0,0,0,0
372,1,1,0.0,1,0,0,0,0,0,0
373,1,1,0.0,1,0,0,0,0,0,0
374,1,1,0.0,1,0,0,0,0,0,0
375,1,1,0.0,1,0,0,0,0,0,0
376,2,2,1.0,3,0,0,0,0,0,0
377,8,8,1.7320508075688772,84,4,0,0,4,0,0
378,2,2,0.0,2,1,0,0,0,0,0
379,2,2,0.0,3,1,0,0,0,0,0
380,2,2,0.0,2,1,0,0,0,0,0
381,1,1,0.0,1,0,0,0,0,0,0
382,2,2,2.0,2,0,0,0,0,0,0
383,3,3,2.494438257849294,5,0,0,0,0,0,0
384,1,1,0.0,1,0,0,0,0,0,0
385,1,1,0.0,1,0,0,0,0,0,0
386,1,1,0.0,1,0,0,0,0,0,0
387,1,1,0.0,1,0,0,0,0,0,0
388,3,3,0.9428090415820634,4,1,0,0,0,0,0
389,2,2,0.0,3,1,0,0,0,0,0
390,1,1,0.0,1,0,0,0,0,0,0
391,2,2,0.0,2,1,0,0,0,0,0
392,2,2,0.5,1,0,0,0,0,0,0
393,1,1,0.0,1,0,0,0,0,0,0
394,1,1,0.0,1,0,0,0,0,0,0
395,2,2,0.5,3,0,0,0,0,1,0
396,1,1,0.0,1,0,0,0,0,0,0
397,1,1,0.0,1,0,0,0,0,0,0
398,1,1,0.0,1,0,0,0,0,0,0
399,3,3,0.9428090415820634,4,0,0,0,0,0,0
400,3,3,0.9428090415820634,2,0,0,0,0,0,0
401,2,2,1.0,1,0,0,0,0,0,0
402,2,2,1.0,1,0,0,0,0,0,0
403,2,2,0.0,1,0,0,0,0,0,0
404,1,1,0.0,1,0,0,0,0,0,0
405,3,3,0.9428090415820634,3,1,0,0,0,0,0
406,19,19,1.5217718205053643,874,2,0,0,3,0,48
407,2,2,0.5,3,0,0,0,0,0,0
408,4,4,1.0,6,0,0,0,0,0,0
409,3,3,0.9428090415820634,2,0,0,0,0,0,0
410,1,1,0.0,1,0,0,0,0,0,0
411,3,3,0.9428090415820634,2,0,0,0,0,0,0
412,2,2,0.5,1,0,0,0,0,0,0
413,1,1,0.0,1,0,0,0,0,0,0
414,1,1,0.0,1,0,0,0,0,0,0
415,2,2,0.5,3,0,0,0,0,1,0
416,1,1,0.0,1,0,0,0,0,0,0
417,1,1,0.0,1,0,0,0,0,0,0
418,1,1,0.0,1,0,0,0,0,0,0
419,3,3,0.9428090415820634,4,0,0,0,0,0,0
420,1,1,0.0,1,0,0,0,0,0,0
421,6,6,0.7453559924999299,5,0,0,0,0,0,0
422,2,2,1.0,1,0,0,0,0,0,0
423,1,1,0.0,1,0,0,0,0,0,0
424,2,2,0.0,1,0,0,0,0,0,0
425,3,3,0.4714045207910317,6,0,0,0,0,0,0
426,2,2,1.0,1,0,0,0,0,0,0
427,4,4,1.224744871391589,47,0,0,0,1,0,24
428,2,2,0.0,1,0,0,0,0,0,0
429,1,1,0.0,1,0,0,0,0,0,0
430,1,1,0.0,1,0,0,0,0,0,0
431,1,1,0.0,1,0,0,0,0,0,0
432,1,1,0.0,1,0,0,0,0,0,0
433,2,2,1.0,3,0,0,0,0,0,0
434,8,8,1.7320508075688772,84,4,0,0,4,0,0
435,2,2,0.0,2,1,0,0,0,0,0
436,2,2,0.0,3,1,0,0,0,0,0
437,2,2,0.0,2,1,0,0,0,0,0
438,1,1,0.0,1,0,0,0,0,0,0
439,1,1,0.0,1,0,0,0,0,0,0
440,1,1,0.0,1,0,0,0,0,0,0
441,1,1,0.0,1,0,0,0,0,0,0
442,3,3,0.9428090415820634,4,1,0,0,0,0,0
443,2,2,0.0,3,1,0,0,0,0,0
444,1,1,0.0,1,0,0,0,0,0,0
445,2,2,0.0,2,1,0,0,0,0,0
446,1,1,0.0,1,0,0,0,0,0,0
447,2,2,2.0,2,0,0,0,0,0,0
448,3,3,2.494438257849294,5,0,0,0,0,0,0
449,1,1,0.0,1,0,0,0,0,0,0
450,1,1,0.0,1,0,0,0,0,0,0
451,1,1,0.0,1,0,0,0,0,0,0
452,2,2,0.5,1,0,0,0,0,0,0
453,1,1,0.0,1,0,0,0,0,0,0
454,1,1,0.0,1,0,0,0,0,0,0
455,2,2,0.5,3,0,0,0,0,1,0
456,1,1,0.0,1,0,0,0,0,0,0
457,2,2,0.5,1,0,0,0,0,0,0
458,1,1,0.0,1,0,0,0,0,0,0
459,1,1,0.0,1,0,0,0,0,0,0
460,2,2,0.5,3,0,0,0,0,1,0
461,3,3,0.9428090415820634,2,0,0,0,0,0,0
462,1,1,0.0,1,0,0,0,0,0,0
463,1,1,0.0,1,0,0,0,0,0,0
464,1,1,0.0,1,0,0,0,0,0,0
465,3,3,0.9428090415820634,4,0,0,0,0,0,0
466,2,2,0.5,3,0,0,0,0,0,0
467,4,4,1.0,6,0,0,0,0,0,0
468,6,6,0.7453559924999299,5,0,0,0,0,0,0
469,2,2,1.0,1,0,0,0,0,0,0
470,1,1,0.0,1,0,0,0,0,0,0
471,2,2,0.0,1,0,0,0,0,0,0
472,3,3,0.4714045207910317,6,0,0,0,0,0,0
473,2,2,1.0,1,0,0,0,0,0,0
474,4,4,1.224744871391589,47,0,0,0,1,0,24
475,1,1,0.0,1,0,0,0,0,0,0
476,2,2,0.0,1,0,0,0,0,0,0
477,2,2,0.0,1,0,1,0,0,0,0
478,2,2,0.0,1,0,0,0,0,0,0
479,1,1,0.0,1,0,0,0,0,0,0
480,2,2,0.0,1,0,0,0,0,0,0
481,3,3,0.9428090415820634,6,0,0,0,0,0,0
482,2,2,0.0,1,0,0,0,0,0,0
483,1,1,0.0,1,0,0,0,0,0,0
484,2,2,0.0,1,0,1,0,0,0,0
485,4,4,0.5,7,0,0,0,1,0,0
486,2,2,0.0,1,0,1,0,0,0,0
487,1,1,0.0,1,0,0,0,0,0,0
488,1,1,0.0,2,0,0,0,0,0,0
489,2,2,1.0,2,0,0,0,0,0,0
490,1,1,0.0,11,0,0,0,0,0,0
491,2,2,0.0,1,0,1,0,0,0,0
492,2,2,1.0,3,0,0,0,0,1,0
493,1,1,0.0,1,0,0,0,0,0,0
494,2,2,0.0,1,0,1,0,0,0,0
495,1,1,0.0,1,0,0,0,0,0,0
496,1,1,0.0,1,0,0,0,0,0,0
497,1,1,0.0,1,0,0,0,0,0,0
498,16,16,1.5761900266148114,216,0,0,0,0,0,0
499,3,3,0.4714045207910317,3,1,0,0,0,0,0
500,2,2,0.0,1,0,1,0,0,0,0
501,1,1,0.0,1,0,0,0,0,0,0
502,3,3,1.4142135623730951,8,0,0,0,0,0,12
503,2,2,0.0,2,0,2,0,0,0,0
504,3,3,0.4714045207910317,2,0,0,0,0,0,0
505,2,2,0.5,4,0,0,0,0,0,0
506,2,2,0.0,1,0,1,0,0,0,0
507,2,2,0.0,1,0,1,0,0,0,0
508,1,1,0.0,1,0,0,0,0,0,0
509,2,2,0.0,1,0,1,0,0,0,0
510,2,2,1.0,1,0,0,0,0,0,0
511,2,2,0.5,3,0,0,0,0,0,0
512,2,2,0.0,1,0,1,0,0,0,0
513,2,2,0.0,1,0,1,0,0,0,0
514,3,3,0.4714045207910317,3,0,0,0,0,0,0
515,2,2,0.0,1,0,0,0,0,0,0
516,1,1,0.0,1,0,0,0,0,0,12
517,1,1,0.0,1,0,0,0,1,0,0
518,1,1,0.0,1,0,0,0,0,0,0
519,1,1,0.0,1,0,0,0,0,0,0
520,2,2,0.5,4,0,0,0,0,0,0
521,1,1,0.0,1,0,0,0,0,0,0
522,1,1,0.0,1,0,0,0,0,0,0
523,1,1,0.0,6,0,0,0,0,0,0
524,1,1,0.0,1,0,0,0,0,0,0
525,1,1,0.0,1,0,0,0,0,0,0
526,3,3,0.9428090415820634,6,0,0,0,0,0,0
527,1,1,0.0,8,0,0,0,0,0,0
528,6,6,0.0,20,3,0,0,3,4,0
529,3,3,0.0,2,0,1,0,0,0,0
530,3,3,0.0,2,0,1,0,0,0,0
531,1,1,0.0,1,0,0,0,0,0,0
532,2,2,0.0,1,0,1,0,0,0,0
533,2,2,0.0,1,0,1,0,0,0,0
534,2,2,0.0,1,0,1,0,0,0,0
535,1,1,0.0,1,0,0,0,0,0,0
536,1,1,0.0,1,0,0,0,0,0,0
537,1,1,0.0,1,0,0,0,0,0,0
538,1,1,0.0,1,0,0,0,0,0,0
539,1,1,0.0,2,0,0,0,0,0,0
540,2,2,0.0,1,0,1,0,0,0,0
541,2,2,0.0,1,0,1,0,0,0,0
542,2,2,0.0,2,0,2,0,0,0,0
543,2,2,0.0,1,0,1,0,0,0,0
544,2,2,0.0,1,0,1,0,0,0,0
545,1,1,0.0,9,0,0,0,0,0,24
546,2,2,0.0,1,0,1,0,0,0,0
547,2,2,0.0,1,0,0,0,0,0,4
548,4,4,1.7320508075688772,6,0,0,0,0,0,0
549,4,4,1.7320508075688772,6,0,0,0,0,0,0
550,4,4,1.7320508075688772,6,0,0,0,0,0,0
551,4,4,1.7320508075688772,6,0,0,0,0,0,0
552,4,4,0.8660254037844386,3,0,0,0,0,0,0
553,4,4,0.8660254037844386,3,0,0,0,0,0,0
554,1,1,0.0,1,0,0,0,0,0,0
555,1,1,0.0,1,0,0,0,0,0,4
556,4,4,0.4330127018922193,6,0,0,0,0,0,8
557,2,2,0.5,2,0,0,0,0,0,0
558,1,1,0.0,1,0,0,0,0,0,0
559,2,2,0.0,1,0,0,0,0,0,0
560,3,3,2.0548046676563256,19,0,0,0,0,0,8
561,1,1,0.0,1,0,0,0,0,0,0
562,8,8,1.0532687216470449,49,0,0,0,0,0,16
563,2,2,0.0,1,0,1,0,0,0,0
564,1,1,0.0,1,0,0,0,0,0,0
565,1,1,0.0,1,0,0,0,0,0,0
566,2,2,0.0,1,0,1,0,0,0,0
567,2,2,1.0,1,0,0,0,0,0,0
568,1,1,0.0,1,0,0,0,0,0,0
569,2,2,0.5,1,0,1,0,0,0,0
570,1,1,0.0,1,0,0,0,0,0,0
571,2,2,0.5,1,0,1,0,0,0,0
572,1,1,0.0,1,0,0,0,0,0,4
573,2,2,0.0,1,0,0,0,0,0,4
574,2,2,0.5,1,1,0,0,0,0,0
575,4,4,4.205650960315181,54,1,0,0,0,0,0
576,2,2,0.0,13,0,0,0,0,0,0
577,2,2,0.0,13,0,0,0,0,0,0
578,2,2,0.5,1,0,0,0,0,0,0
579,2,2,0.5,1,1,0,0,0,0,0
580,4,4,4.205650960315181,54,1,0,0,0,0,0
581,2,2,0.5,1,0,0,0,0,0,0
582,2,2,0.5,1,1,0,0,0,0,0
583,2,2,0.5,1,1,0,0,0,0,0
584,2,2,4.0,54,0,0,0,0,0,0
585,2,2,0.5,1,0,0,0,0,0,0
586,2,2,0.5,1,1,0,0,0,0,0
587,4,4,4.205650960315181,54,1,0,0,0,0,0
588,3,3,0.9428090415820634,4,0,0,0,0,0,0
589,3,3,0.9428090415820634,6,0,0,0,0,0,0
590,2,2,1.0,3,0,0,0,0,0,0
591,2,2,1.0,3,0,0,0,0,0,0
592,3,3,0.9428090415820634,4,0,0,0,0,0,0
593,3,3,0.9428090415820634,4,0,0,0,0,0,0
594,3,3,0.9428090415820634,4,0,0,0,0,0,0
595,3,3,0.9428090415820634,4,0,0,0,0,0,0
596,2,2,0.5,1,1,0,0,0,0,0
597,2,2,0.5,1,1,0,0,0,0,0
598,2,2,0.5,1,1,0,0,0,0,0
599,2,2,4.0,54,0,0,0,0,0,0
600,2,2,0.5,1,1,0,0,0,0,0
601,2,2,0.5,1,1,0,0,0,0,0
602,2,2,0.5,1,1,0,0,0,0,0
603,2,2,4.0,54,0,0,0,0,0,0
604,3,3,0.9428090415820634,4,0,0,0,0,0,0
605,3,3,0.9428090415820634,4,0,0,0,0,0,0
606,3,3,0.9428090415820634,4,0,0,0,0,0,0
607,3,3,0.9428090415820634,6,0,0,0,0,0,0
608,2,2,0.5,1,1,0,0,0,0,0
609,2,2,0.5,1,1,0,0,0,0,0
610,2,2,0.5,1,1,0,0,0,0,0
611,2,2,4.0,54,0,0,0,0,0,0
612,2,2,0.5,1,1,0,0,0,0,0
613,2,2,0.5,1,1,0,0,0,0,0
614,2,2,0.5,1,1,0,0,0,0,0
615,3,3,0.9428090415820634,6,0,0,0,0,0,0
616,2,2,4.0,54,0,0,0,0,0,0
617,2,2,1.5,6,0,0,0,0,0,0
618,2,2,0.0,1,0,1,0,0,0,0
619,2,2,0.0,1,0,1,0,0,0,0
620,2,2,0.5,1,0,0,0,0,0,0
621,3,3,0.9428090415820634,4,0,0,0,0,0,0
622,2,2,0.5,1,1,0,0,0,0,0
623,4,4,4.205650960315181,54,1,0,0,0,0,0
624,1,1,0.0,1,0,0,0,0,0,0
625,2,2,0.5,1,0,0,0,0,0,0
626,2,2,0.5,1,1,0,0,0,0,0
627,4,4,4.205650960315181,54,1,0,0,0,0,0
628,2,2,0.0,13,0,0,0,0,0,0
629,2,2,0.0,13,0,0,0,0,0,0
630,2,2,0.0,13,0,0,0,0,0,0
631,2,2,0.5,1,0,0,0,0,0,0
632,2,2,0.5,1,0,0,0,0,0,0
633,3,3,4.496912521077347,53,0,0,0,0,0,0
634,2,2,0.0,13,0,0,0,0,0,0
635,2,2,1.0,3,0,0,0,0,0,0
636,2,2,1.0,3,0,0,0,0,0,0
637,2,2,1.0,3,0,0,0,0,0,0
638,2,2,1.0,3,0,0,0,0,0,0
639,2,2,0.5,1,0,0,0,0,0,0
640,2,2,0.5,3,0,0,0,0,0,0
641,2,2,1.0,6,0,0,0,0,0,0
642,1,1,0.0,10,0,0,0,0,0,0
643,3,3,0.4714045207910317,7,0,0,0,0,0,4
644,4,4,0.7071067811865476,9,0,0,0,0,0,4
645,2,2,0.5,3,0,0,0,0,0,0
646,3,3,0.4714045207910317,7,0,0,0,0,0,4
647,4,4,0.7071067811865476,9,0,0,0,0,0,4
648,2,2,0.5,3,0,0,0,0,0,0
649,3,3,0.4714045207910317,2,0,0,0,0,0,4
650,1,1,0.0,1,0,0,0,0,0,0
651,2,2,0.5,1,0,0,0,0,0,4
652,2,2,0.5,1,0,0,0,0,0,4
653,2,2,0.0,2,0,0,0,0,0,0
654,1,1,0.0,3,0,0,0,0,0,0
655,1,1,0.0,1,0,0,0,0,0,0
656,2,2,0.0,5,0,0,0,1,0,0
657,2,2,0.5,3,0,0,0,0,0,0
658,2,2,0.0,1,0,0,0,0,0,0
659,3,3,0.0,2,0,0,0,0,0,0
660,1,1,0.0,3,0,0,0,0,0,4
661,1,1,0.0,6,0,0,0,0,0,4
662,1,1,0.0,1,0,0,0,0,0,0
663,2,2,0.0,1,0,0,0,0,0,0
664,1,1,0.0,1,0,0,0,0,0,0
665,2,2,1.5,2,0,0,0,0,0,0
666,1,1,0.0,1,0,0,0,0,0,0
667,1,1,0.0,1,0,0,0,0,0,0
668,2,2,0.5,1,0,0,0,0,0,0
669,1,1,0.0,5,0,0,0,0,0,0
670,1,1,0.0,3,0,0,0,0,0,0
671,2,2,1.5,4,0,0,0,0,0,0
672,2,2,0.0,1,0,0,0,0,0,0
673,1,1,0.0,1,0,0,0,0,0,0
674,1,1,0.0,2,0,0,0,0,0,0
675,1,1,0.0,6,0,0,0,0,0,0
676,2,2,1.0,6,0,0,0,0,0,0
677,1,1,0.0,10,0,0,0,0,0,0
678,1,1,0.0,1,0,0,0,0,0,0
679,1,1,0.0,1,0,0,0,0,0,0
680,3,3,0.4714045207910317,2,0,0,0,0,0,0
681,2,2,0.0,1,0,0,0,0,0,0
682,2,2,0.0,1,0,0,0,0,0,0
683,2,2,0.0,2,0,0,0,0,0,0
684,1,1,0.0,1,0,0,0,0,0,0
685,2,2,0.0,1,0,0,0,0,0,0
686,2,2,0.5,1,0,0,0,0,0,0
687,2,2,0.0,1,0,1,0,0,0,0
688,1,1,0.0,1,0,0,0,0,0,0
689,1,1,0.0,1,0,0,0,0,0,12
690,2,2,0.0,1,0,0,0,0,1,0
691,2,2,0.0,1,0,0,0,0,1,0
692,2,2,0.0,1,0,0,0,0,1,0
693,2,2,0.5,2,0,0,0,0,0,0
694,1,1,0.0,1,0,0,0,0,0,0
695,1,1,0.0,3,0,0,0,0,0,0
696,2,2,0.0,1,0,0,0,0,1,0
697,1,1,0.0,1,0,0,0,0,0,0
698,1,1,0.0,1,0,0,0,0,0,0
699,1,1,0.0,1,0,0,0,0,0,0
700,1,1,0.0,1,0,0,0,1,0,0
701,1,1,0.0,1,0,0,0,0,0,0
702,1,1,0.0,1,0,0,0,0,0,0
703,1,1,0.0,1,0,0,0,0,0,0
704,1,1,0.0,1,0,0,0,0,0,12
705,1,1,0.0,7,0,0,0,0,0,0
706,1,1,0.0,1,0,0,0,0,0,0
707,1,1,0.0,5,0,0,0,0,0,0
708,1,1,0.0,6,0,0,0,0,0,0
709,1,1,0.0,1,0,0,0,0,0,0
710,1,1,0.0,3,0,0,0,0,0,0
711,2,2,1.0,4,0,0,0,1,0,0
712,1,1,0.0,1,0,0,0,0,0,0
713,1,1,0.0,1,0,0,0,0,0,0
714,1,1,0.0,1,0,0,0,0,0,0
715,2,2,0.5,3,0,0,0,0,0,0
716,1,1,0.0,1,0,0,0,0,1,0
717,2,2,0.0,1,0,0,0,0,1,0
718,1,1,0.0,1,0,0,0,0,0,0
719,1,1,0.0,1,0,0,0,0,0,0
720,1,1,0.0,1,0,0,0,0,0,0
721,2,2,0.5,3,0,0,0,0,0,0
722,1,1,0.0,1,0,0,0,0,0,0
723,1,1,0.0,1,0,0,0,0,0,0
724,2,2,0.5,3,0,0,0,0,0,0
725,1,1,0.0,1,0,0,0,0,0,0
726,1,1,0.0,1,0,0,0,0,0,0
727,1,1,0.0,1,0,0,0,0,0,0
728,1,1,0.0,1,0,0,0,0,0,0
729,1,1,0.0,1,0,0,0,0,0,0
730,2,2,0.0,1,0,0,0,0,0,0
731,2,2,0.0,1,0,0,0,0,0,0
732,2,2,0.0,1,0,0,0,0,0,0
733,2,2,0.0,1,0,0,0,0,0,0
734,2,2,0.0,1,0,0,0,0,0,0
735,2,2,0.0,1,0,0,0,0,0,0
736,2,2,0.0,1,0,0,0,0,0,0
737,2,2,0.5,1,0,0,0,0,0,0
738,1,1,0.0,1,0,0,0,0,0,0
739,1,1,0.0,1,0,0,0,0,0,0
740,2,2,0.5,3,0,0,0,0,1,0
741,2,2,0.5,1,0,0,0,0,0,0
742,2,2,0.0,1,0,0,0,0,1,0
743,2,2,0.5,3,0,0,0,0,1,0
744,2,2,2.0,12,0,0,0,0,2,0
745,2,2,0.5,3,0,0,0,0,1,0
746,2,2,0.5,3,0,0,0,0,1,0
747,2,2,0.5,1,0,0,0,0,0,0
748,2,2,0.5,3,0,0,0,0,0,0
749,2,2,0.5,3,0,0,0,0,1,0
750,1,1,0.0,1,0,0,0,0,0,0
751,1,1,0.0,1,0,0,0,0,0,0
752,1,1,0.0,1,0,0,0,0,0,0
753,1,1,0.0,1,0,0,0,0,0,0
754,2,2,2.0,5,0,0,0,0,0,12
755,1,1,0.0,1,0,0,0,0,0,0
756,2,2,0.0,2,0,0,0,1,0,0
757,1,1,0.0,1,0,0,0,0,0,0
758,4,4,0.5,15,0,3,1,0,1,0
759,1,1,0.0,1,0,0,0,0,0,0
760,2,2,1.0,6,0,1,0,0,0,0
761,2,2,0.0,1,0,0,0,0,0,0
762,1,1,0.0,3,0,0,0,0,0,0
763,2,2,0.0,1,0,1,0,0,0,0
764,1,1,0.0,1,0,0,0,0,0,0
765,2,2,0.0,1,0,1,0,0,0,0
766,2,2,0.0,1,0,1,0,0,0,0
767,1,1,0.0,3,0,0,0,0,0,0
768,1,1,0.0,1,0,0,0,0,0,0
769,2,2,0.0,5,0,0,0,1,0,0
770,2,2,0.5,3,0,0,0,0,0,0
771,1,1,0.0,3,0,0,0,0,0,0
772,1,1,0.0,3,0,0,0,0,0,0
773,2,2,0.0,1,0,0,0,0,0,0
774,2,2,0.5,1,0,0,0,0,0,0
775,2,2,0.5,3,0,0,0,0,0,0
776,1,1,0.0,1,0,0,0,0,0,0
777,1,1,0.0,1,0,0,0,0,0,0
778,1,1,0.0,1,0,0,0,0,0,0
779,1,1,0.0,1,0,0,0,0,0,0
780,2,2,0.5,2,0,0,0,0,0,0
781,1,1,0.0,5,0,0,0,0,0,0
782,1,1,0.0,1,0,0,0,0,0,0
783,1,1,0.0,1,0,0,0,0,0,0
784,1,1,0.0,1,0,0,0,0,0,0
785,1,1,0.0,1,0,0,0,0,0,0
786,1,1,0.0,4,0,0,0,0,0,0
787,1,1,0.0,4,0,0,0,0,0,0
788,1,1,0.0,1,0,0,0,0,0,0
789,2,2,0.0,1,0,0,0,0,0,0
790,1,1,0.0,1,0,0,0,0,0,0
791,2,2,0.0,1,0,0,0,0,0,0
792,1,1,0.0,2,0,0,0,0,0,0
793,1,1,0.0,1,0,0,0,0,0,0
794,1,1,0.0,1,0,0,0,0,0,0
795,2,2,0.0,1,0,0,0,0,0,0
796,2,2,0.0,1,0,0,0,0,0,0
797,2,2,0.0,1,0,0,0,0,0,0
798,1,1,0.0,1,0,0,0,0,0,0
799,2,2,0.5,3,0,0,0,0,0,0
800,1,1,0.0,1,0,0,0,0,0,0
801,1,1,0.0,1,0,0,0,0,0,0
802,1,1,0.0,1,0,0,0,0,0,0
803,4,4,1.118033988749895,46,0,0,0,0,0,4
804,4,4,1.118033988749895,46,0,0,0,0,0,4
805,4,4,1.118033988749895,46,0,0,0,0,0,4
806,4,4,1.118033988749895,46,0,0,0,0,0,4
807,4,4,1.118033988749895,46,0,0,0,0,0,4
808,4,4,1.118033988749895,46,0,0,0,0,0,4
809,3,3,1.4142135623730951,10,0,0,0,0,0,0
810,3,3,1.4142135623730951,11,0,0,0,0,0,4
811,3,3,1.4142135623730951,10,0,0,0,0,0,0
812,1,1,0.0,1,0,0,0,0,0,0
813,1,1,0.0,1,0,0,0,0,0,0
814,1,1,0.0,1,0,0,0,0,0,0
815,1,1,0.0,16,0,0,0,0,0,0
816,1,1,0.0,1,0,0,0,0,0,0
817,1,1,0.0,1,0,0,0,0,0,0
818,1,1,0.0,1,0,0,0,0,0,0
819,1,1,0.0,1,0,0,0,0,0,0
820,1,1,0.0,1,0,0,0,0,0,0
821,1,1,0.0,1,0,0,0,0,0,0
822,1,1,0.0,1,0,0,0,0,0,0
823,3,3,0.9428090415820634,9,0,0,0,4,0,0
824,1,1,0.0,1,0,0,0,0,0,0
825,1,1,0.0,1,0,0,0,0,0,0
826,1,1,0.0,1,0,0,0,0,0,0
827,4,4,0.4330127018922193,6,0,0,0,0,0,0
828,1,1,0.0,1,0,0,0,0,0,0
829,1,1,0.0,1,0,0,0,0,0,0
830,1,1,0.0,1,0,0,0,0,0,0
831,1,1,0.0,1,0,0,0,0,0,0
832,1,1,0.0,1,0,0,0,0,0,0
833,2,2,0.5,1,0,0,0,0,0,0
834,1,1,0.0,11,0,0,0,0,0,4
835,1,1,0.0,1,0,0,0,0,0,0
836,1,1,0.0,3,0,0,0,0,0,0
837,7,7,0.7559289460184544,310,0,4,0,1,0,0
838,2,2,0.5,1,0,0,0,0,0,0
839,3,3,1.4142135623730951,11,0,0,0,0,0,4
840,1,1,0.0,1,0,0,0,0,0,0
841,2,2,0.0,1,0,1,0,0,0,0
842,2,2,1.5,84,0,0,0,0,0,0
843,1,1,0.0,1,0,0,0,0,0,0
844,2,2,0.5,40,0,0,0,0,0,0
845,2,2,2.0,34,0,0,0,0,0,0
846,1,1,0.0,1,0,0,0,0,0,0
847,1,1,0.0,47,0,0,0,0,0,0
848,1,1,0.0,1,0,0,0,0,0,0
849,2,2,1.5,90,0,0,0,0,0,0
850,2,2,2.0,45,0,0,0,0,0,0
851,13,13,2.675773404757859,433,5,0,0,2,0,64
852,1,1,0.0,1,0,0,0,0,0,0
853,1,1,0.0,1,0,0,0,0,0,0
854,1,1,0.0,2,0,0,0,0,0,0
855,1,1,0.0,36,0,0,0,0,0,8
856,2,2,0.5,2,0,0,0,0,0,0
857,2,2,2.0,2,0,0,0,0,0,0
858,1,1,0.0,1,0,0,0,0,0,0
859,1,1,0.0,4,0,0,0,0,0,0
860,2,2,0.0,5,0,0,0,0,0,0
861,2,2,0.0,1,0,0,0,0,0,0
862,1,1,0.0,1,0,0,0,0,0,0
863,1,1,0.0,1,0,0,0,0,0,0
864,2,2,0.5,2,0,0,0,0,0,0
865,1,1,0.0,1,0,0,0,0,0,0
866,1,1,0.0,1,0,0,0,0,0,0
867,1,1,0.0,1,0,0,0,0,0,0
868,1,1,0.0,1,0,0,0,0,0,0
869,1,1,0.0,1,0,0,0,0,0,0
870,1,1,0.0,1,0,0,0,0,0,0
871,1,1,0.0,1,0,0,0,0,0,0
872,1,1,0.0,4,0,0,0,0,0,0
873,2,2,0.0,1,0,0,0,0,0,0
874,1,1,0.0,1,0,0,0,0,0,0
875,1,1,0.0,1,0,0,0,0,0,0
876,2,2,0.0,9,0,0,0,0,0,0
877,1,1,0.0,1,0,0,0,0,0,0
878,1,1,0.0,1,0,0,0,0,0,0
879,2,2,4.0,23,0,0,0,0,0,0
880,3,3,0.9428090415820634,20,0,0,0,0,0,12
881,1,1,0.0,1,0,0,0,0,0,0
882,1,1,0.0,3,0,0,0,0,0,0
883,2,2,0.0,1,0,0,0,0,0,4
884,2,2,1.0,1,0,0,0,0,0,0
885,2,2,1.0,1,0,0,0,0,0,0
886,1,1,0.0,14,0,0,0,0,0,0
887,1,1,0.0,14,0,0,0,0,0,0
888,1,1,0.0,14,0,0,0,0,0,0
889,1,1,0.0,1,0,0,0,0,0,0
890,1,1,0.0,14,0,0,0,0,0,0
891,1,1,0.0,14,0,0,0,0,0,0
892,1,1,0.0,14,0,0,0,0,0,0
893,4,4,0.4330127018922193,6,0,0,0,0,0,0
894,1,1,0.0,1,0,0,0,0,0,0
895,1,1,0.0,1,0,0,0,0,0,0
896,4,4,1.118033988749895,46,0,0,0,0,0,4
897,1,1,0.0,1,0,0,0,0,0,0
898,1,1,0.0,1,0,0,0,0,0,0
899,1,1,0.0,1,0,0,0,0,0,0
900,1,1,0.0,1,0,0,0,0,0,0
901,1,1,0.0,3,0,0,0,0,0,0
902,1,1,0.0,2,0,0,0,0,0,0
903,1,1,0.0,2,0,0,0,0,0,0
904,1,1,0.0,2,0,0,0,0,0,0
905,2,2,0.5,1,0,0,0,0,0,0
906,1,1,0.0,1,0,0,0,0,0,0
907,1,1,0.0,1,0,0,0,0,0,0
908,1,1,0.0,3,0,0,0,0,0,0
909,1,1,0.0,3,0,0,0,0,0,0
910,1,1,0.0,1,0,0,0,0,0,0
911,1,1,0.0,1,0,0,0,0,0,0
912,1,1,0.0,1,0,0,0,0,0,0
913,2,2,0.5,2,0,0,0,0,0,0
914,1,1,0.0,1,0,0,0,0,0,0
915,1,1,0.0,1,0,0,0,0,0,0
916,1,1,0.0,1,0,0,0,0,0,0
917,1,1,0.0,1,0,0,0,0,0,0
918,1,1,0.0,1,0,0,0,0,0,0
919,1,1,0.0,1,0,0,0,0,0,0
920,1,1,0.0,1,0,0,0,0,0,0
921,1,1,0.0,1,0,0,0,0,0,0
922,2,2,0.0,1,0,0,0,0,0,0
923,1,1,0.0,1,0,0,0,0,0,0
924,2,2,2.0,2,0,0,0,0,0,0
925,1,1,0.0,4,0,0,0,0,0,0
926,3,3,3.559026084010437,21,0,0,0,0,0,0
927,1,1,0.0,4,0,0,0,0,0,0
928,2,2,0.0,1,0,0,0,0,0,0
929,1,1,0.0,1,0,0,0,0,0,0
930,1,1,0.0,3,0,0,0,0,0,0
931,2,2,1.5,6,0,0,0,0,0,12
932,1,1,0.0,16,0,0,0,0,0,0
933,1,1,0.0,1,0,0,0,0,0,0
934,2,2,0.5,2,0,0,0,0,0,0
935,1,1,0.0,1,0,0,0,0,0,0
936,3,3,2.160246899469287,12,1,1,0,0,0,0
937,3,3,0.9428090415820634,20,0,0,0,0,0,12
938,2,2,0.0,5,0,0,0,0,0,0
939,2,2,0.5,1,0,0,0,0,0,0
940,2,2,0.5,2,0,0,0,0,0,0
941,2,2,0.5,1,0,0,0,0,0,0
942,2,2,0.5,1,0,0,0,0,0,0
943,1,1,0.0,4,0,0,0,0,0,0
944,2,2,0.0,1,0,0,0,0,0,0
945,2,2,0.0,1,0,0,0,0,0,4
946,1,1,0.0,2,0,0,0,0,0,0
947,1,1,0.0,36,0,0,0,0,0,8
948,1,1,0.0,1,0,0,0,0,0,0
949,1,1,0.0,1,0,0,0,0,0,0
950,2,2,0.5,2,0,0,0,0,0,0
951,6,6,1.7716909687891083,119,0,0,0,0,0,0
952,1,1,0.0,1,0,0,0,0,0,0
953,1,1,0.0,4,0,0,0,0,0,0
954,2,2,0.0,1,0,0,0,0,0,0
955,1,1,0.0,1,0,0,0,0,0,0
956,1,1,0.0,1,0,0,0,0,0,0
957,2,2,0.0,9,0,0,0,0,0,0
958,1,1,0.0,1,0,0,0,0,0,0
959,1,1,0.0,1,0,0,0,0,0,0
960,2,2,4.0,23,0,0,0,0,0,0
961,2,2,0.0,1,0,1,0,0,0,0
962,11,11,3.047828111680038,311,0,0,0,0,0,32
963,3,3,1.8856180831641267,6,0,0,0,0,0,0
964,2,2,3.0,36,0,0,0,0,0,16
965,2,2,3.0,38,0,0,0,0,0,4
966,1,1,0.0,1,0,0,0,0,0,0
967,1,1,0.0,16,0,0,0,0,0,0
968,1,1,0.0,1,0,0,0,0,0,0
969,1,1,0.0,3,0,0,0,0,0,0
970,2,2,0.0,9,0,0,0,0,0,0
971,1,1,0.0,1,0,0,0,0,0,0
972,1,1,0.0,5,0,0,0,0,0,0
973,3,3,0.4714045207910317,3,1,0,0,0,0,0
974,1,1,0.0,1,0,0,0,0,0,0
975,1,1,0.0,1,0,0,0,0,0,0
976,1,1,0.0,1,0,0,0,0,0,0
977,1,1,0.0,1,0,0,0,0,0,0
978,1,1,0.0,1,0,0,0,0,0,0
979,1,1,0.0,1,0,0,0,0,0,0
980,1,1,0.0,1,0,0,0,0,0,0
981,1,1,0.0,1,0,0,0,0,0,0
982,1,1,0.0,1,0,0,0,0,0,0
983,1,1,0.0,1,0,0,0,0,0,0
984,1,1,0.0,1,0,0,0,0,0,0
985,1,1,0.0,1,0,0,0,0,0,0
986,1,1,0.0,14,0,0,0,0,0,0
987,1,1,0.0,14,0,0,0,0,0,0
988,1,1,0.0,14,0,0,0,0,0,0
989,1,1,0.0,14,0,0,0,0,0,0
990,1,1,0.0,14,0,0,0,0,0,0
991,1,1,0.0,14,0,0,0,0,0,0
992,1,1,0.0,1,0,0,0,0,0,0
993,2,2,0.5,2,0,0,0,0,0,0
994,6,6,1.7716909687891083,119,0,0,0,0,0,0
995,3,3,3.559026084010437,21,0,0,0,0,0,0
996,4,4,0.4330127018922193,6,0,0,0,0,0,0
997,1,1,0.0,1,0,0,0,0,0,0
998,1,1,0.0,1,0,0,0,0,0,0
999,1,1,0.0,3,0,0,0,0,0,0
1000,1,1,0.0,3,0,0,0,0,0,0
1001,2,2,0.5,2,0,0,0,0,0,0
1002,1,1,0.0,1,0,0,0,0,0,0
1003,1,1,0.0,1,0,0,0,0,0,0
1004,1,1,0.0,1,0,0,0,0,0,0
1005,2,2,0.5,1,0,0,0,0,0,0
1006,1,1,0.0,1,0,0,0,0,0,0
1007,1,1,0.0,1,0,0,0,0,0,0
1008,1,1,0.0,3,0,0,0,0,0,0
1009,1,1,0.0,2,0,0,0,0,0,0
1010,2,2,2.0,2,0,0,0,0,0,0
1011,1,1,0.0,2,0,0,0,0,0,0
1012,1,1,0.0,2,0,0,0,0,0,0
1013,1,1,0.0,1,0,0,0,0,0,0
1014,1,1,0.0,4,0,0,0,0,0,0
1015,2,2,0.0,1,0,0,0,0,0,0
1016,3,3,0.9428090415820634,20,0,0,0,0,0,12
1017,1,1,0.0,4,0,0,0,0,0,0
1018,1,1,0.0,1,0,0,0,0,0,0
1019,2,2,1.0,3,0,0,0,0,0,0
1020,2,2,0.0,1,0,0,0,0,0,0
1021,1,1,0.0,1,0,0,0,0,0,0
1022,1,1,0.0,2,0,0,0,0,0,0
1023,1,1,0.0,1,0,0,0,0,0,0
1024,2,2,0.5,2,0,0,0,0,0,0
1025,2,2,0.0,5,0,0,0,0,0,0
1026,2,2,0.5,2,0,0,0,0,0,0
1027,1,1,0.0,2,0,0,0,0,0,0
1028,2,2,0.0,1,0,0,0,0,0,4
1029,1,1,0.0,36,0,0,0,0,0,8
1030,1,1,0.0,1,0,0,0,0,0,0
1031,1,1,0.0,1,0,0,0,0,0,0
1032,1,1,0.0,1,0,0,0,0,0,0
1033,2,2,0.0,1,0,1,0,0,0,0
1034,1,1,0.0,1,0,0,0,0,0,0
1035,1,1,0.0,4,0,0,0,0,0,0
1036,2,2,0.0,1,0,0,0,0,0,0
1037,1,1,0.0,1,0,0,0,0,0,0
1038,1,1,0.0,1,0,0,0,0,0,0
1039,2,2,0.0,9,0,0,0,0,0,0
1040,1,1,0.0,1,0,0,0,0,0,0
1041,1,1,0.0,1,0,0,0,0,0,0
1042,2,2,4.0,23,0,0,0,0,0,0
1043,1,1,0.0,1,0,0,0,0,0,0
1044,1,1,0.0,1,0,0,0,0,0,0
1045,11,11,3.047828111680038,311,0,0,0,0,0,32
1046,3,3,1.8856180831641267,6,0,0,0,0,0,0
1047,2,2,3.0,36,0,0,0,0,0,16
1048,2,2,3.0,38,0,0,0,0,0,4
1049,1,1,0.0,16,0,0,0,0,0,0
1050,1,1,0.0,1,0,0,0,0,0,0
1051,1,1,0.0,1,0,0,0,0,0,0
1052,1,1,0.0,3,0,0,0,0,0,0
1053,2,2,0.0,9,0,0,0,0,0,0
1054,1,1,0.0,1,0,0,0,0,0,0
1055,1,1,0.0,5,0,0,0,0,0,0
1056,3,3,0.4714045207910317,3,1,0,0,0,0,0
1057,1,1,0.0,1,0,0,0,0,0,0
1058,2,2,0.0,1,0,0,0,0,0,0
1059,1,1,0.0,1,0,0,0,0,0,0
1060,1,1,0.0,1,0,0,0,0,0,0
1061,1,1,0.0,3,0,0,0,0,0,0
1062,1,1,0.0,2,0,0,0,0,0,0
1063,1,1,0.0,1,0,0,0,0,0,0
1064,1,1,0.0,1,0,0,0,0,0,0
1065,2,2,0.0,1,0,0,0,0,0,0
1066,1,1,0.0,2,0,0,0,0,0,0
1067,2,2,0.0,1,0,0,0,0,0,0
1068,1,1,0.0,2,0,0,0,0,0,0
1069,1,1,0.0,2,0,0,0,0,0,0
1070,1,1,0.0,1,0,0,0,0,0,0
1071,2,2,1.0,1,0,0,0,0,0,0
1072,2,2,1.0,1,0,0,0,0,0,0
1073,2,2,1.0,1,0,0,0,0,0,0
1074,1,1,0.0,2,0,0,0,0,0,0
1075,2,2,0.5,2,0,0,0,0,0,0
1076,1,1,0.0,1,0,0,0,0,0,0
1077,2,2,1.5,5,0,1,0,0,0,0
1078,1,1,0.0,1,0,0,0,0,0,0
1079,1,1,0.0,1,0,0,0,0,0,0
1080,4,4,0.5,15,0,2,1,0,4,0
1081,1,1,0.0,1,0,0,0,0,0,0
1082,1,1,0.0,3,0,0,0,0,0,0
1083,1,1,0.0,1,0,0,0,0,0,0
1084,2,2,4.0,30,0,0,0,0,0,12
1085,1,1,0.0,1,0,0,0,0,0,0
1086,2,2,1.5,14,0,0,0,0,0,0
1087,2,2,1.5,9,0,0,0,0,0,0
1088,5,5,0.8944271909999159,17,0,0,0,0,0,0
1089,1,1,0.0,1,0,0,0,0,0,0
1090,2,2,0.5,2,0,0,0,0,0,0
1091,2,2,0.0,11,0,0,0,0,1,0
1092,1,1,0.0,1,0,0,0,0,0,0
1093,2,2,1.0,3,0,0,0,0,0,0
1094,2,2,0.5,3,0,0,0,0,0,0
1095,2,2,1.0,4,0,0,0,0,0,0
1096,2,2,2.0,3,0,1,0,0,0,0
1097,3,3,3.559026084010437,48,0,0,0,0,0,24
1098,2,2,3.5,80,0,0,0,0,0,0
1099,1,1,0.0,3,0,0,0,0,0,0
1100,2,2,0.5,3,0,0,0,0,0,0
1101,2,2,0.0,1,0,0,0,0,0,0
1102,1,1,0.0,1,0,0,0,0,0,0
1103,1,1,0.0,1,0,0,0,0,0,0
1104,1,1,0.0,1,0,0,0,0,0,0
1105,3,3,0.4714045207910317,3,0,0,0,0,0,0
1106,2,2,0.5,1,0,0,0,0,0,0
1107,3,3,0.4714045207910317,3,0,0,0,0,0,0
1108,2,2,0.5,2,0,0,0,0,0,0
1109,1,1,0.0,1,0,0,0,0,0,0
1110,3,3,2.160246899469287,61,0,0,0,0,3,0
1111,2,2,1.5,4,0,0,0,0,0,0
1112,1,1,0.0,1,0,0,0,0,0,0
1113,1,1,0.0,11,0,0,0,0,0,12
1114,2,2,0.5,2,0,0,0,0,0,0
1115,1,1,0.0,1,0,0,0,0,0,0
1116,2,2,0.0,3,0,0,0,0,0,0
1117,1,1,0.0,1,0,0,0,0,0,0
1118,1,1,0.0,1,0,0,0,0,0,0
1119,4,4,1.8708286933869707,20,0,2,0,0,1,0
1120,1,1,0.0,8,0,0,0,0,0,0
1121,2,2,0.0,1,0,0,0,0,0,0
1122,1,1,0.0,3,0,0,0,0,0,0
1123,1,1,0.0,1,0,0,0,0,0,0
1124,1,1,0.0,7,0,0,0,0,0,0
1125,1,1,0.0,1,0,0,0,0,0,0
1126,4,4,0.82915619758885,12,1,3,1,0,0,0
1127,1,1,0.0,3,0,0,0,0,0,0
1128,1,1,0.0,3,0,0,0,0,0,0
1129,2,2,0.5,5,0,0,0,0,0,0
1130,1,1,0.0,1,0,0,0,0,0,0
1131,1,1,0.0,6,0,0,0,0,0,0
1132,1,1,0.0,3,0,0,0,0,0,0
1133,1,1,0.0,6,0,0,0,0,0,0
1134,1,1,0.0,6,0,0,0,0,0,0
1135,1,1,0.0,1,0,0,0,0,0,0
1136,1,1,0.0,3,0,0,0,0,0,0
1137,1,1,0.0,1,0,0,0,0,0,0
1138,2,2,0.0,1,0,1,0,0,0,0
1139,2,2,0.0,1,0,0,0,0,0,0
1140,2,2,0.0,1,0,0,0,0,0,0
1141,2,2,0.0,1,0,0,0,0,0,0
1142,1,1,0.0,1,0,0,0,1,0,0
1143,2,2,0.0,3,0,0,0,0,0,0
1144,2,2,0.0,3,0,0,0,0,0,0
1145,1,1,0.0,1,0,0,0,0,0,0
1146,1,1,0.0,1,0,0,0,0,0,0
1147,3,3,0.4714045207910317,3,0,0,0,0,0,0
1148,1,1,0.0,1,0,0,0,0,0,0
1149,2,2,2.0,6,0,1,0,0,0,0
1150,5,5,1.7435595774162693,39,0,2,1,0,4,0
1151,1,1,0.0,1,0,0,0,0,0,0
1152,3,3,0.4714045207910317,3,0,0,0,0,0,0
1153,1,1,0.0,1,0,0,0,0,0,0
1154,1,1,0.0,1,0,0,0,0,0,0
1155,1,1,0.0,1,0,0,0,0,0,0
1156,2,2,0.0,1,0,0,0,0,0,0
1157,2,2,0.0,1,0,0,0,0,0,0
1158,1,1,0.0,1,0,0,0,0,0,0
1159,1,1,0.0,1,0,0,0,0,0,0
1160,1,1,0.0,3,0,0,0,0,0,12
1161,1,1,0.0,1,0,0,0,0,0,0
1162,2,2,0.5,1,0,0,0,0,0,0
1163,1,1,0.0,1,0,0,0,0,0,0
1164,1,1,0.0,1,0,0,0,0,0,0
1165,2,2,0.5,3,0,0,0,0,1,0
1166,2,2,2.0,3,0,0,0,0,0,0
1167,2,2,0.0,1,0,0,0,0,0,0
1168,1,1,0.0,1,0,0,0,0,1,0
1169,1,1,0.0,3,0,0,0,0,0,0
1170,1,1,0.0,1,0,0,0,0,0,0
1171,1,1,0.0,1,0,0,0,0,0,12
1172,2,2,0.0,1,0,1,0,0,0,0
1173,1,1,0.0,1,0,0,0,0,0,0
1174,3,3,0.0,4,0,1,0,0,0,0
1175,1,1,0.0,1,0,0,0,0,0,0
1176,2,2,0.0,1,0,1,0,0,0,0
1177,2,2,0.0,1,0,1,0,0,0,0
1178,1,1,0.0,1,0,0,0,0,0,0
1179,2,2,0.5,3,0,0,0,0,0,0
1180,1,1,0.0,1,0,0,0,0,0,0
1181,2,2,0.0,1,0,0,0,0,0,0
1182,2,2,0.0,1,0,0,0,0,0,0
1183,3,3,1.8856180831641267,23,0,0,0,0,0,0
1184,2,2,1.5,11,0,0,0,0,0,0
1185,7,7,1.8844151368961313,195,0,0,0,1,0,0
1186,1,1,0.0,1,0,0,0,0,0,0
1187,1,1,0.0,1,0,0,0,0,0,0
1188,1,1,0.0,6,0,0,0,0,0,0
1189,1,1,0.0,1,0,0,0,0,0,0
1190,1,1,0.0,1,0,0,0,0,0,12
1191,1,1,0.0,1,0,0,0,0,0,0
1192,2,2,0.5,4,0,0,0,0,0,0
1193,2,2,2.5,15,0,0,0,0,0,0
1194,1,1,0.0,3,0,0,0,0,0,12
1195,1,1,0.0,1,0,0,0,0,0,0
1196,2,2,0.5,1,0,0,0,0,0,4
1197,2,2,0.0,1,0,0,0,0,0,0
1198,4,4,0.4330127018922193,12,0,0,0,0,0,8
1199,1,1,0.0,4,0,0,0,0,0,0
1200,2,2,0.0,1,0,0,0,0,0,0
1201,4,4,1.7853571071357126,52,0,0,0,0,1,0
1202,2,2,0.5,4,0,0,0,0,0,0
1203,2,2,0.0,7,0,0,0,0,0,0
1204,1,1,0.0,1,0,0,0,0,0,0
1205,2,2,0.5,4,0,0,0,0,0,4
1206,1,1,0.0,1,0,0,0,0,0,0
1207,2,2,0.5,1,0,0,0,0,0,0
1208,3,3,0.0,2,1,1,0,0,0,0
1209,1,1,0.0,1,0,0,0,1,0,0
1210,2,2,1.0,3,0,0,0,0,0,0
1211,2,2,0.0,1,0,1,0,0,0,0
1212,1,1,0.0,1,0,0,0,1,0,0
1213,1,1,0.0,1,0,0,0,0,0,0
1214,1,1,0.0,1,0,0,0,0,0,0
1215,2,2,0.5,1,0,0,0,0,0,0
1216,1,1,0.0,1,0,0,0,0,0,4
1217,1,1,0.0,1,0,0,0,0,0,0
1218,1,1,0.0,1,0,0,0,0,0,0
1219,1,1,0.0,1,0,0,0,0,0,0
1220,1,1,0.0,1,0,0,0,0,0,0
1221,1,1,0.0,1,0,0,0,0,0,0
1222,1,1,0.0,1,0,0,0,0,0,0
1223,1,1,0.0,1,0,0,0,0,0,0
1224,1,1,0.0,1,0,0,0,0,0,0
1225,1,1,0.0,1,0,0,0,0,0,0
1226,1,1,0.0,1,0,0,0,0,0,0
1227,2,2,0.0,1,0,0,0,0,0,0
1228,15,15,0.49888765156985887,14,0,0,0,0,0,0
1229,2,2,0.0,1,0,0,0,0,0,0
1230,1,1,0.0,1,0,0,0,0,0,0
1231,2,2,0.0,1,0,0,0,0,0,0
1232,1,1,0.0,1,0,0,0,0,0,0
1233,2,2,0.0,1,0,0,0,0,0,0
1234,3,3,0.816496580927726,10,0,0,0,0,0,0
1235,2,2,0.0,1,0,0,0,0,0,0
1236,1,1,0.0,3,0,0,0,0,0,12
1237,2,2,0.5,1,0,0,0,0,0,0
1238,1,1,0.0,1,0,0,0,0,0,0
1239,15,15,0.49888765156985887,14,0,0,0,0,0,0
1240,2,2,0.0,1,0,1,0,0,0,0
1241,2,2,0.5,3,0,1,0,0,0,12
1242,1,1,0.0,3,0,0,0,0,0,12
1243,1,1,0.0,1,0,0,0,0,0,0
1244,2,2,0.0,3,0,0,0,0,0,12
1245,1,1,0.0,3,0,0,0,0,0,0
1246,1,1,0.0,1,0,0,0,0,0,0
1247,1,1,0.0,1,0,0,0,0,0,12
1248,1,1,0.0,1,0,0,0,0,0,0
1249,2,2,0.0,1,0,0,0,0,0,12
1250,1,1,0.0,1,0,0,0,0,0,0
1251,2,2,0.0,1,0,0,0,0,0,12
1252,1,1,0.0,1,0,0,0,0,0,0
1253,2,2,0.0,1,0,0,0,0,0,12
1254,1,1,0.0,1,0,0,0,0,0,0
1255,2,2,0.0,1,0,0,0,0,0,12
1256,1,1,0.0,1,0,0,0,0,0,0
1257,2,2,0.0,1,0,0,0,0,0,12
1258,1,1,0.0,1,0,0,0,0,0,0
1259,2,2,0.0,1,0,0,0,0,0,0
1260,2,2,0.0,1,0,0,0,0,0,0
1261,3,3,0.4714045207910317,3,0,0,0,0,0,0
1262,11,11,0.5749595745760689,10,0,0,0,0,0,0
1263,10,10,0.6,9,0,0,0,0,0,0
1264,1,1,0.0,1,0,0,0,0,0,12
1265,2,2,1.0,2,0,0,0,0,0,0
1266,2,2,2.0,4,0,0,0,0,0,0
1267,2,2,0.0,1,0,0,0,0,0,0
1268,9,9,0.6285393610547089,8,0,0,0,0,0,0
1269,2,2,0.0,1,0,0,0,0,0,0
1270,2,2,0.0,1,0,0,0,0,0,0
1271,12,12,0.5527707983925667,11,0,0,0,0,0,0
1272,2,2,0.0,1,0,0,0,0,0,0
1273,2,2,0.0,1,0,0,0,0,0,0
1274,2,2,0.0,1,0,0,0,0,0,0
1275,2,2,0.0,1,0,0,0,0,0,0
1276,2,2,0.0,1,0,0,0,0,0,0
1277,2,2,0.0,1,0,0,0,0,0,0
1278,13,13,0.532938710021193,12,0,0,0,0,0,0
1279,14,14,0.5150787536377128,13,0,0,0,0,0,0
1280,2,2,0.0,1,0,0,0,0,0,0
1281,2,2,0.0,1,0,0,0,0,0,0
1282,3,3,0.9428090415820634,14,0,0,0,0,0,24
1283,1,1,0.0,3,0,0,0,0,0,12
1284,1,1,0.0,1,0,0,0,0,0,0
1285,3,3,0.9428090415820634,6,0,0,0,0,0,0
1286,2,2,0.0,1,0,0,0,0,0,0
1287,13,13,0.532938710021193,12,0,0,0,0,0,0
1288,2,2,0.0,1,0,0,0,0,0,0
1289,2,2,0.0,1,0,0,0,0,0,12
1290,12,12,0.5527707983925667,11,0,0,0,0,0,0
1291,3,3,0.816496580927726,10,0,0,0,0,0,0
1292,2,2,0.0,1,0,0,0,0,0,0
1293,2,2,0.0,1,0,0,0,0,0,12
1294,1,1,0.0,1,0,0,0,0,0,0
1295,14,14,0.5150787536377128,13,0,0,0,0,0,0
1296,3,3,0.4714045207910317,5,0,0,0,0,0,0
1297,2,2,0.0,2,1,0,0,0,0,0
1298,1,1,0.0,1,0,0,0,0,0,0
1299,2,2,1.0,1,0,0,0,0,0,0
1300,2,2,1.0,1,0,0,0,0,0,0
1301,3,3,0.9428090415820634,2,0,0,0,0,0,0
1302,2,2,1.0,1,0,0,0,0,0,0
1303,2,2,1.0,1,0,0,0,0,0,0
1304,2,2,1.0,1,0,0,0,0,0,0
1305,3,3,0.9428090415820634,2,0,0,0,0,0,0
1306,2,2,1.0,1,0,0,0,0,0,0
1307,3,3,0.9428090415820634,2,0,0,0,0,0,0
1308,3,3,0.9428090415820634,2,0,0,0,0,0,0
1309,3,3,0.9428090415820634,2,0,0,0,0,0,0
1310,3,3,0.9428090415820634,2,0,0,0,0,0,0
1311,3,3,0.9428090415820634,2,0,0,0,0,0,0
1312,3,3,0.9428090415820634,2,0,0,0,0,0,0
1313,2,2,1.0,1,0,0,0,0,0,0
1314,2,2,1.0,3,0,0,0,0,0,0
1315,2,2,1.0,3,0,0,0,0,0,0
1316,2,2,1.0,3,0,0,0,0,0,0
1317,2,2,1.0,3,0,0,0,0,0,0
1318,2,2,1.0,3,0,0,0,0,0,0
1319,2,2,1.0,3,0,0,0,0,0,0
1320,3,3,0.9428090415820634,2,0,0,0,0,0,0
1321,3,3,0.9428090415820634,2,0,0,0,0,0,0
1322,2,2,1.0,1,0,0,0,0,0,0
1323,2,2,1.0,1,0,0,0,0,0,0
1324,2,2,1.0,1,0,0,0,0,0,0
1325,2,2,1.0,1,0,0,0,0,0,0
1326,4,4,0.8660254037844386,3,0,0,0,0,0,0
1327,2,2,1.0,1,0,0,0,0,0,0
1328,3,3,0.9428090415820634,2,0,0,0,0,0,0
1329,3,3,0.9428090415820634,2,0,0,0,0,0,0
1330,3,3,0.9428090415820634,2,0,0,0,0,0,0
1331,3,3,0.9428090415820634,2,0,0,0,0,0,0
1332,2,2,1.0,1,0,0,0,0,0,0
1333,3,3,0.9428090415820634,2,0,0,0,0,0,0
1334,2,2,1.0,1,0,0,0,0,0,0
1335,2,2,1.0,1,0,0,0,0,0,0
1336,2,2,1.0,1,0,0,0,0,0,0
1337,3,3,0.0,3,1,0,0,0,0,0
1338,2,2,0.0,3,1,0,0,0,0,0
1339,4,4,1.7320508075688772,8,0,0,0,0,0,0
1340,1,1,0.0,1,0,0,0,0,0,0
1341,2,2,0.0,1,0,0,0,0,0,0
1342,2,2,1.0,1,0,0,0,0,0,0
1343,2,2,1.0,1,0,0,0,0,0,0
1344,2,2,1.0,1,0,0,0,0,0,0
1345,2,2,1.0,1,0,0,0,0,0,0
1346,3,3,0.9428090415820634,2,0,0,0,0,0,0
1347,2,2,1.0,1,0,0,0,0,0,0
1348,2,2,1.0,1,0,0,0,0,0,0
1349,3,3,0.9428090415820634,2,0,0,0,0,0,0
1350,2,2,1.0,1,0,0,0,0,0,0
1351,3,3,0.9428090415820634,2,0,0,0,0,0,0
1352,2,2,1.0,1,0,0,0,0,0,0
1353,3,3,0.9428090415820634,2,0,0,0,0,0,0
1354,2,2,1.0,1,0,0,0,0,0,0
1355,5,5,0.8,4,0,0,0,0,0,0
1356,2,2,1.0,1,0,0,0,0,0,0
1357,3,3,0.9428090415820634,2,0,0,0,0,0,0
1358,2,2,1.0,1,0,0,0,0,0,0
1359,3,3,0.9428090415820634,2,0,0,0,0,0,0
1360,2,2,1.0,1,0,0,0,0,0,0
1361,2,2,1.0,1,0,0,0,0,0,0
1362,2,2,1.0,1,0,0,0,0,0,0
1363,2,2,0.0,1,0,0,0,0,0,0
1364,1,1,0.0,1,0,0,0,0,0,0
1365,4,4,2.8613807855648994,12,0,0,0,0,0,0
1366,4,4,2.7726341266023544,24,0,0,0,0,0,0
1367,2,2,1.0,1,0,0,0,0,0,0
1368,5,5,1.9595917942265424,21,0,0,0,0,0,0
1369,2,2,0.0,2,1,0,0,0,0,0
1370,2,2,0.0,2,1,0,0,0,0,0
1371,2,2,0.0,2,1,0,0,0,0,0
1372,3,3,0.9428090415820634,6,1,0,0,0,0,0
1373,2,2,0.0,2,1,0,0,0,0,0
1374,2,2,0.0,2,1,0,0,0,0,0
1375,2,2,0.0,2,1,0,0,0,0,0
1376,3,3,0.9428090415820634,4,1,0,0,0,0,0
1377,6,6,0.7637626158259734,18,0,0,0,0,0,0
1378,2,2,1.0,1,0,0,0,0,0,0
1379,2,2,0.5,1,0,0,0,0,0,0
1380,1,1,0.0,2,0,0,0,0,0,0
1381,2,2,1.0,1,0,0,0,0,0,0
1382,2,2,0.0,2,1,0,0,0,0,0
1383,1,1,0.0,1,0,0,0,0,0,0
1384,4,4,1.7320508075688772,8,0,0,0,0,0,0
1385,4,4,1.7320508075688772,8,0,0,0,0,0,0
1386,2,2,0.5,1,0,0,0,0,0,0
1387,2,2,1.0,1,0,0,0,0,0,0
1388,3,3,0.9428090415820634,2,0,0,0,0,0,0
1389,3,3,0.9428090415820634,2,0,0,0,0,0,0
1390,2,2,1.0,1,0,0,0,0,0,0
1391,2,2,1.0,1,0,0,0,0,0,0
1392,2,2,1.0,1,0,0,0,0,0,0
1393,2,2,1.0,1,0,0,0,0,0,0
1394,2,2,1.0,1,0,0,0,0,0,0
1395,2,2,1.0,1,0,0,0,0,0,0
1396,3,3,0.9428090415820634,2,0,0,0,0,0,0
1397,3,3,0.9428090415820634,2,0,0,0,0,0,0
1398,3,3,0.9428090415820634,2,0,0,0,0,0,0
1399,3,3,0.9428090415820634,2,0,0,0,0,0,0
1400,3,3,0.9428090415820634,2,0,0,0,0,0,0
1401,3,3,0.9428090415820634,2,0,0,0,0,0,0
1402,2,2,1.0,1,0,0,0,0,0,0
1403,2,2,1.0,1,0,0,0,0,0,0
1404,2,2,1.0,1,0,0,0,0,0,0
1405,5,5,0.9797958971132712,16,0,0,0,0,0,0
1406,2,2,1.0,3,0,0,0,0,0,0
1407,2,2,1.0,3,0,0,0,0,0,0
1408,2,2,1.0,3,0,0,0,0,0,0
1409,2,2,1.0,3,0,0,0,0,0,0
1410,2,2,1.0,1,0,0,0,0,0,0
1411,2,2,0.0,2,1,0,0,0,0,0
1412,2,2,2.0,2,0,0,0,0,0,0
1413,3,3,0.0,4,2,0,0,1,0,0
1414,2,2,0.5,1,0,0,0,0,0,0
1415,1,1,0.0,1,0,0,0,0,0,0
1416,1,1,0.0,1,0,0,0,0,0,0
1417,2,2,1.0,4,1,0,0,0,0,0
1418,2,2,0.5,3,0,0,0,0,1,0
1419,2,2,0.0,2,1,0,0,0,0,0
1420,3,3,0.9428090415820634,6,2,0,0,1,0,0
1421,2,2,0.5,1,0,0,0,0,0,12
1422,2,2,0.0,2,1,0,0,0,0,0
1423,1,1,0.0,3,0,0,0,0,0,0
1424,1,1,0.0,1,0,0,0,0,0,0
1425,1,1,0.0,6,0,0,0,0,0,0
1426,1,1,0.0,2,0,0,0,0,0,0
1427,1,1,0.0,1,0,0,0,0,0,0
1428,12,12,4.393808775488023,398,0,0,0,0,0,108
1429,2,2,0.5,3,0,0,0,0,0,12
1430,10,10,3.925557285278104,430,0,0,0,0,0,108
1431,2,2,0.5,1,0,0,0,0,0,12
1432,1,1,0.0,3,0,0,0,0,0,0
1433,1,1,0.0,1,0,0,0,0,0,0
1434,1,1,0.0,6,0,0,0,0,0,0
1435,1,1,0.0,2,0,0,0,0,0,0
1436,2,2,0.5,3,0,0,0,0,0,12
1437,2,2,0.0,1,0,0,0,0,0,0
1438,2,2,0.0,1,0,0,0,0,0,0
1439,3,3,0.0,3,1,0,0,0,0,0
1440,2,2,0.0,3,1,0,0,0,0,0
1441,3,3,0.9428090415820634,2,0,0,0,0,0,0
1442,3,3,0.9428090415820634,2,0,0,0,0,0,0
1443,2,2,1.0,1,0,0,0,0,0,0
1444,3,3,0.9428090415820634,2,0,0,0,0,0,0
1445,2,2,1.0,1,0,0,0,0,0,0
1446,4,4,0.8660254037844386,3,0,0,0,0,0,0
1447,2,2,1.0,1,0,0,0,0,0,0
1448,2,2,1.0,1,0,0,0,0,0,0
1449,3,3,0.9428090415820634,2,0,0,0,0,0,0
1450,3,3,0.9428090415820634,2,0,0,0,0,0,0
1451,3,3,0.9428090415820634,2,0,0,0,0,0,0
1452,3,3,0.9428090415820634,2,0,0,0,0,0,0
1453,3,3,0.9428090415820634,2,0,0,0,0,0,0
1454,2,2,1.0,1,0,0,0,0,0,0
1455,3,3,0.9428090415820634,2,0,0,0,0,0,0
1456,2,2,1.0,1,0,0,0,0,0,0
1457,2,2,1.0,1,0,0,0,0,0,0
1458,2,2,1.0,1,0,0,0,0,0,0
1459,3,3,0.9428090415820634,2,0,0,0,0,0,0
1460,4,4,1.7320508075688772,8,0,0,0,0,0,0
1461,2,2,0.0,3,1,0,0,0,0,0
1462,2,2,0.0,2,1,0,0,0,0,0
1463,3,3,0.9428090415820634,2,0,0,0,0,0,0
1464,2,2,1.0,1,0,0,0,0,0,0
1465,3,3,0.9428090415820634,2,0,0,0,0,0,0
1466,2,2,1.0,1,0,0,0,0,0,0
1467,2,2,1.0,1,0,0,0,0,0,0
1468,4,4,0.8660254037844386,3,0,0,0,0,0,0
1469,2,2,1.0,1,0,0,0,0,0,0
1470,2,2,2.0,2,0,0,0,0,0,0
1471,2,2,1.0,1,0,0,0,0,0,0
1472,3,3,0.9428090415820634,2,0,0,0,0,0,0
1473,3,3,0.9428090415820634,2,0,0,0,0,0,0
1474,3,3,0.9428090415820634,2,0,0,0,0,0,0
1475,3,3,0.9428090415820634,2,0,0,0,0,0,0
1476,3,3,0.9428090415820634,2,0,0,0,0,0,0
1477,2,2,1.0,1,0,0,0,0,0,0
1478,3,3,0.9428090415820634,2,0,0,0,0,0,0
1479,2,2,1.0,1,0,0,0,0,0,0
1480,2,2,1.0,1,0,0,0,0,0,0
1481,2,2,1.0,1,0,0,0,0,0,0
1482,2,2,1.0,1,0,0,0,0,0,0
1483,2,2,1.0,1,0,0,0,0,0,0
1484,2,2,3.0,3,0,0,0,0,0,0
1485,2,2,1.0,1,0,0,0,0,0,0
1486,5,5,0.9797958971132712,16,0,0,0,0,0,0
1487,4,4,1.7320508075688772,8,0,0,0,0,0,0
1488,3,3,0.0,3,1,0,0,0,0,0
1489,2,2,0.0,3,1,0,0,0,0,0
1490,2,2,1.0,1,0,0,0,0,0,0
1491,2,2,2.0,2,0,0,0,0,0,0
1492,2,2,1.0,1,0,0,0,0,0,0
1493,2,2,2.0,2,0,0,0,0,0,0
1494,2,2,1.0,1,0,0,0,0,0,0
1495,2,2,1.0,1,0,0,0,0,0,0
1496,2,2,1.0,1,0,0,0,0,0,0
1497,3,3,0.9428090415820634,2,0,0,0,0,0,0
1498,2,2,1.0,1,0,0,0,0,0,0
1499,2,2,1.0,1,0,0,0,0,0,0
1500,2,2,1.0,1,0,0,0,0,0,0
1501,2,2,1.0,1,0,0,0,0,0,0
1502,2,2,1.0,1,0,0,0,0,0,0
1503,3,3,0.9428090415820634,2,0,0,0,0,0,0
1504,3,3,0.9428090415820634,2,0,0,0,0,0,0
1505,3,3,0.9428090415820634,2,0,0,0,0,0,0
1506,2,2,1.0,1,0,0,0,0,0,0
1507,2,2,1.0,1,0,0,0,0,0,0
1508,2,2,1.0,1,0,0,0,0,0,0
1509,4,4,1.7320508075688772,8,0,0,0,0,0,0
1510,2,2,0.0,1,0,0,0,0,0,0
1511,2,2,1.0,1,0,0,0,0,0,0
1512,1,1,0.0,1,0,0,0,0,0,0
1513,2,2,0.0,1,0,0,0,0,0,0
1514,2,2,2.0,3,0,0,0,0,0,0
1515,3,3,0.9428090415820634,5,1,0,0,0,0,0
1516,3,3,0.9428090415820634,4,1,0,0,0,0,0
1517,3,3,0.0,6,2,0,0,1,0,0
1518,2,2,0.0,2,1,0,0,0,0,0
1519,2,2,0.0,2,1,0,0,0,0,0
1520,2,2,0.0,2,1,0,0,0,0,0
1521,2,2,0.0,2,1,0,0,0,0,0
1522,3,3,0.9428090415820634,6,1,0,0,0,0,0
1523,3,3,0.9428090415820634,5,1,0,0,0,0,0
1524,1,1,0.0,1,0,0,0,0,0,0
1525,2,2,1.0,1,0,0,0,0,0,0
1526,2,2,1.0,1,0,0,0,0,0,0
1527,3,3,1.8856180831641267,5,0,1,0,0,0,0
1528,2,2,1.0,1,0,0,0,0,0,0
1529,2,2,1.0,1,0,0,0,0,0,0
1530,2,2,1.0,1,0,0,0,0,0,0
1531,2,2,1.0,1,0,0,0,0,0,0
1532,2,2,1.0,1,0,0,0,0,0,0
1533,2,2,1.0,2,0,0,0,0,0,0
1534,1,1,0.0,1,0,0,0,1,0,0
1535,2,2,1.5,5,0,0,0,0,0,0
1536,5,5,0.4898979485566356,11,1,0,0,0,0,0
1537,2,2,0.5,7,0,0,0,0,0,0
1538,1,1,0.0,8,0,0,0,0,0,0
1539,2,2,1.0,6,0,0,0,0,0,0
1540,1,1,0.0,1,0,0,0,0,0,12
1541,2,2,0.5,1,0,0,0,0,0,0
1542,1,1,0.0,1,0,0,0,0,0,0
1543,1,1,0.0,1,0,0,0,0,0,0
1544,4,4,1.5,24,0,0,0,0,0,0
1545,1,1,0.0,1,0,0,0,0,0,0
1546,2,2,0.5,2,0,0,0,0,0,12
1547,1,1,0.0,1,0,0,0,0,0,0
1548,3,3,1.8856180831641267,7,0,0,0,0,0,0
1549,4,4,0.5,4,0,0,0,0,0,0
1550,1,1,0.0,6,0,0,0,0,0,0
1551,2,2,0.0,2,0,0,0,0,0,0
1552,2,2,0.0,2,0,0,0,0,0,0
1553,2,2,0.5,4,0,0,0,0,0,0
1554,1,1,0.0,1,0,0,0,0,0,0
1555,2,2,1.5,4,0,0,0,0,0,12
1556,2,2,0.5,8,0,0,0,0,0,0
1557,2,2,1.0,7,0,0,0,0,0,0
1558,2,2,0.5,1,0,0,0,0,0,12
1559,2,2,0.5,3,0,0,0,0,0,0
1560,1,1,0.0,1,0,0,0,0,0,0
1561,2,2,1.5,7,0,0,0,0,0,0
1562,4,4,0.4330127018922193,10,0,0,0,0,0,0
1563,1,1,0.0,1,0,0,0,0,0,0
1564,1,1,0.0,1,0,0,0,0,0,0
1565,1,1,0.0,1,0,0,0,0,0,0
1566,1,1,0.0,1,0,0,0,0,0,0
1567,4,4,1.0897247358851685,23,0,0,0,0,0,0
1568,2,2,0.5,3,0,0,0,0,0,0
1569,2,2,1.0,13,0,0,0,0,0,0
1570,2,2,0.5,3,0,0,0,0,0,0
1571,2,2,1.0,7,0,1,0,0,0,0
1572,2,2,0.5,1,0,0,0,0,0,0
1573,1,1,0.0,6,0,0,0,0,0,0
1574,2,2,0.5,1,0,0,0,0,0,0
1575,4,4,1.7853571071357126,33,0,0,0,0,0,0
1576,1,1,0.0,1,0,0,0,0,0,0
1577,1,1,0.0,1,0,0,0,0,0,0
1578,1,1,0.0,2,0,0,0,0,0,0
1579,1,1,0.0,1,0,0,0,0,0,0
1580,1,1,0.0,1,0,0,0,0,0,0
1581,1,1,0.0,1,0,0,0,0,0,0
1582,2,2,0.0,1,0,0,0,0,0,0
1583,1,1,0.0,1,0,0,0,0,0,0
1584,2,2,0.0,1,0,0,0,0,0,0
1585,3,3,0.4714045207910317,5,0,0,0,0,0,0
1586,1,1,0.0,1,0,0,0,0,0,0
1587,1,1,0.0,1,0,0,0,0,0,0
1588,2,2,0.5,3,0,0,0,0,0,0
1589,1,1,0.0,1,0,0,0,0,0,0
1590,1,1,0.0,8,0,0,0,0,0,0
1591,2,2,1.0,13,0,0,0,0,0,0
1592,2,2,0.0,1,0,0,0,0,0,0
1593,2,2,0.0,2,0,0,0,0,0,0
1594,2,2,0.0,1,0,0,0,0,0,0
1595,2,2,1.5,5,0,0,0,0,0,0
1596,1,1,0.0,1,0,0,0,0,0,0
1597,3,3,1.8856180831641267,7,0,0,0,0,0,0
1598,3,3,1.4142135623730951,16,0,2,0,0,0,4
1599,1,1,0.0,1,0,0,0,0,0,0
1600,2,2,0.5,1,0,0,0,0,0,0
1601,1,1,0.0,1,0,0,0,0,0,0
1602,3,3,0.9428090415820634,28,0,2,0,0,0,4
1603,2,2,1.0,3,0,1,0,0,0,0
1604,1,1,0.0,1,0,0,0,0,0,0
1605,2,2,0.5,3,0,0,0,0,0,0
1606,1,1,0.0,11,0,0,0,0,0,0
1607,2,2,1.5,13,0,0,0,0,0,0
1608,1,1,0.0,1,0,0,0,0,0,0
1609,1,1,0.0,2,0,0,0,0,0,0
1610,6,6,1.3743685418725535,42,0,0,0,0,0,0
1611,1,1,0.0,2,0,0,0,0,0,0
1612,1,1,0.0,1,0,0,0,0,0,0
1613,1,1,0.0,1,0,0,0,0,0,0
1614,8,8,1.0897247358851685,57,2,0,0,1,0,0
1615,2,2,0.0,1,0,0,0,0,0,0
1616,2,2,0.0,1,0,0,0,0,0,0
1617,2,2,0.0,1,0,0,0,0,0,0
1618,1,1,0.0,3,0,0,0,0,0,0
1619,1,1,0.0,1,0,0,0,0,0,0
1620,1,1,0.0,1,0,0,0,0,0,0
1621,8,8,1.0897247358851685,57,2,0,0,1,0,0
1622,2,2,0.0,1,0,0,0,0,0,0
1623,2,2,0.5,1,0,0,0,0,0,0
1624,1,1,0.0,1,0,0,0,0,0,12
1625,5,5,0.4898979485566356,11,1,0,0,0,0,0
1626,2,2,0.5,7,0,0,0,0,0,0
1627,1,1,0.0,8,0,0,0,0,0,0
1628,2,2,1.0,6,0,0,0,0,0,0
1629,2,2,0.5,3,0,0,0,0,0,0
1630,2,2,0.0,1,0,0,0,0,0,0
1631,2,2,0.0,1,0,0,0,0,0,0
1632,1,1,0.0,3,0,0,0,0,0,0
1633,2,2,1.0,1,0,0,0,0,0,0
1634,2,2,0.5,1,0,0,0,0,0,0
1635,1,1,0.0,1,0,0,0,0,0,0
1636,1,1,0.0,2,0,0,0,0,0,0
1637,4,4,1.5,24,0,0,0,0,0,0
1638,1,1,0.0,1,0,0,0,0,0,0
1639,2,2,0.5,2,0,0,0,0,0,12
1640,1,1,0.0,1,0,0,0,0,0,0
1641,3,3,1.8856180831641267,7,0,0,0,0,0,0
1642,1,1,0.0,2,0,0,0,0,0,0
1643,1,1,0.0,2,0,0,0,0,0,0
1644,1,1,0.0,1,0,0,0,0,0,0
1645,3,3,0.816496580927726,6,0,0,0,0,0,0
1646,1,1,0.0,1,0,0,0,0,0,0
1647,2,2,0.0,5,0,0,0,0,0,0
1648,1,1,0.0,1,0,0,0,0,0,0
1649,1,1,0.0,1,0,0,0,0,0,0
1650,1,1,0.0,1,0,0,0,0,0,0
1651,2,2,1.5,5,0,0,0,0,0,0
1652,2,2,0.0,2,0,0,0,0,0,0
1653,2,2,0.5,4,0,0,0,0,0,0
1654,1,1,0.0,1,0,0,0,0,0,0
1655,2,2,1.5,4,0,0,0,0,0,12
1656,2,2,0.5,8,0,0,0,0,0,0
1657,3,3,0.816496580927726,4,0,0,0,0,0,0
1658,3,3,0.4714045207910317,3,0,0,0,0,0,0
1659,3,3,0.816496580927726,4,0,0,0,0,0,0
1660,1,1,0.0,1,0,0,0,0,0,0
1661,1,1,0.0,1,0,0,0,0,0,0
1662,1,1,0.0,1,0,0,0,0,0,0
1663,1,1,0.0,8,0,0,0,0,0,0
1664,1,1,0.0,1,0,0,0,0,0,0
1665,2,2,0.5,3,0,0,0,0,0,0
1666,1,1,0.0,1,0,0,0,1,0,0
1667,2,2,0.0,2,0,0,0,0,0,0
1668,2,2,0.5,1,0,0,0,0,0,0
1669,2,2,0.5,3,0,0,0,0,0,0
1670,1,1,0.0,2,0,0,0,0,0,0
1671,1,1,0.0,2,0,0,0,0,0,0
1672,2,2,0.0,1,0,0,0,0,0,0
1673,1,1,0.0,1,0,0,0,0,0,0
1674,1,1,0.0,1,0,0,0,0,0,0
1675,2,2,0.0,2,0,0,0,0,0,0
1676,2,2,1.5,5,0,0,0,0,0,0
1677,1,1,0.0,1,0,0,0,0,0,0
1678,3,3,1.8856180831641267,7,0,0,0,0,0,0
1679,2,2,0.5,3,0,0,0,0,0,0
1680,1,1,0.0,1,0,0,0,0,0,0
1681,1,1,0.0,1,0,0,0,0,0,0
1682,2,2,1.0,3,0,1,0,0,0,0
1683,3,3,1.4142135623730951,16,0,2,0,0,0,4
1684,3,3,0.9428090415820634,28,0,2,0,0,0,4
1685,1,1,0.0,1,0,0,0,0,0,0
1686,1,1,0.0,1,0,0,0,0,0,0
1687,6,6,1.3743685418725535,42,0,0,0,0,0,0
1688,1,1,0.0,1,0,0,0,0,0,0
1689,1,1,0.0,1,0,0,0,0,0,0
1690,2,2,1.5,13,0,0,0,0,0,0
1691,1,1,0.0,1,0,0,0,0,0,0
1692,2,2,0.5,3,0,0,0,0,0,0
1693,2,2,1.0,7,0,1,0,0,0,0
1694,2,2,0.5,1,0,0,0,0,0,0
1695,1,1,0.0,6,0,0,0,0,0,0
1696,2,2,0.5,1,0,0,0,0,0,0
1697,4,4,1.7853571071357126,33,0,0,0,0,0,0
1698,1,1,0.0,1,0,0,0,1,0,0
1699,1,1,0.0,2,0,0,0,0,0,0
1700,2,2,1.0,13,0,0,0,0,0,0
1701,2,2,0.0,1,0,0,0,0,0,0
1702,5,5,0.4898979485566356,11,1,0,0,0,0,0
1703,2,2,0.5,7,0,0,0,0,0,0
1704,1,1,0.0,8,0,0,0,0,0,0
1705,2,2,1.0,6,0,0,0,0,0,0
1706,8,8,1.0897247358851685,57,2,0,0,1,0,0
1707,2,2,0.0,1,0,0,0,0,0,0
1708,2,2,0.0,1,0,0,0,0,0,0
1709,2,2,0.0,1,0,0,0,0,0,0
1710,1,1,0.0,1,0,0,0,0,0,12
1711,1,1,0.0,3,0,0,0,0,0,0
1712,1,1,0.0,2,0,0,0,0,0,0
1713,1,1,0.0,1,0,0,0,0,0,0
1714,1,1,0.0,1,0,0,0,0,0,0
1715,1,1,0.0,1,0,0,0,0,0,0
1716,2,2,0.5,1,0,0,0,0,0,0
1717,1,1,0.0,1,0,0,0,0,0,0
1718,4,4,1.5,24,0,0,0,0,0,0
1719,1,1,0.0,1,0,0,0,0,0,0
1720,2,2,0.5,2,0,0,0,0,0,12
1721,1,1,0.0,1,0,0,0,0,0,0
1722,3,3,1.8856180831641267,7,0,0,0,0,0,0
1723,2,2,0.0,1,0,0,0,0,0,0
1724,1,1,0.0,1,0,0,0,0,0,0
1725,3,3,0.816496580927726,6,0,0,0,0,0,0
1726,1,1,0.0,1,0,0,0,0,0,0
1727,2,2,0.0,5,0,0,0,0,0,0
1728,1,1,0.0,1,0,0,0,0,0,0
1729,4,4,0.5,4,0,0,0,0,0,0
1730,1,1,0.0,6,0,0,0,0,0,0
1731,2,2,0.0,2,0,0,0,0,0,0
1732,2,2,0.5,4,0,0,0,0,0,0
1733,1,1,0.0,1,0,0,0,0,0,0
1734,2,2,1.5,4,0,0,0,0,0,12
1735,2,2,0.5,8,0,0,0,0,0,0
1736,2,2,1.5,5,0,0,0,0,0,0
1737,3,3,0.816496580927726,4,0,0,0,0,0,0
1738,3,3,0.4714045207910317,3,0,0,0,0,0,0
1739,3,3,0.816496580927726,4,0,0,0,0,0,0
1740,1,1,0.0,1,0,0,0,0,0,0
1741,3,3,0.816496580927726,5,0,0,0,0,0,0
1742,1,1,0.0,1,0,0,0,0,0,0
1743,2,2,1.0,7,0,0,0,0,0,0
1744,2,2,0.5,1,0,0,0,0,0,12
1745,2,2,0.5,3,0,0,0,0,0,0
1746,1,1,0.0,1,0,0,0,0,0,0
1747,1,1,0.0,8,0,0,0,0,0,0
1748,1,1,0.0,1,0,0,0,0,0,0
1749,2,2,0.5,3,0,0,0,0,0,0
1750,2,2,0.0,2,0,0,0,0,0,0
1751,2,2,1.5,5,0,0,0,0,0,0
1752,1,1,0.0,1,0,0,0,0,0,0
1753,2,2,0.5,1,0,0,0,0,0,0
1754,2,2,0.5,3,0,0,0,0,0,0
1755,1,1,0.0,2,0,0,0,0,0,0
1756,1,1,0.0,2,0,0,0,0,0,0
1757,2,2,0.5,3,0,0,0,0,0,0
1758,3,3,1.8856180831641267,7,0,0,0,0,0,0
1759,1,1,0.0,1,0,0,0,0,0,0
1760,1,1,0.0,1,0,0,0,0,0,0
1761,1,1,0.0,1,0,0,0,0,0,0
1762,1,1,0.0,1,0,0,0,0,0,0
1763,1,1,0.0,1,0,0,0,0,0,0
1764,3,3,1.4142135623730951,16,0,2,0,0,0,4
1765,2,2,0.0,2,0,0,0,0,0,0
1766,3,3,0.9428090415820634,28,0,2,0,0,0,4
1767,2,2,0.5,1,0,0,0,0,0,0
1768,2,2,1.5,13,0,0,0,0,0,0
1769,1,1,0.0,1,0,0,0,0,0,0
1770,2,2,1.0,3,0,1,0,0,0,0
1771,1,1,0.0,11,0,0,0,0,0,0
1772,2,2,0.5,3,0,0,0,0,0,0
1773,2,2,0.5,3,0,0,0,0,0,0
1774,1,1,0.0,1,0,0,0,0,0,0
1775,2,2,1.5,7,0,0,0,0,0,0
1776,4,4,0.4330127018922193,10,0,0,0,0,0,0
1777,1,1,0.0,2,0,0,0,0,0,0
1778,6,6,1.3743685418725535,42,0,0,0,0,0,0
1779,1,1,0.0,1,0,0,0,0,0,0
1780,1,1,0.0,1,0,0,0,0,0,0
1781,2,2,0.5,1,0,0,0,0,0,0
1782,1,1,0.0,1,0,0,0,0,0,0
1783,2,2,1.0,4,0,0,0,0,0,0
1784,2,2,0.5,1,0,0,0,0,0,0
1785,2,2,0.5,3,0,0,0,0,0,0
1786,2,2,0.5,1,0,0,0,0,0,0
1787,1,1,0.0,1,0,0,0,0,0,0
1788,1,1,0.0,1,0,0,0,0,0,0
1789,1,1,0.0,1,0,0,0,0,0,0
1790,1,1,0.0,1,0,0,0,0,0,0
1791,1,1,0.0,1,0,0,0,0,0,0
1792,2,2,0.5,9,0,0,0,0,0,0
1793,2,2,0.0,1,0,0,0,0,1,0
1794,4,4,1.0897247358851685,7,0,0,0,0,0,12
1795,1,1,0.0,1,0,0,0,0,1,0
1796,1,1,0.0,1,0,0,0,0,0,0
1797,2,2,0.0,1,0,0,0,0,0,0
1798,1,1,0.0,1,0,0,0,0,0,0
1799,2,2,0.0,1,0,0,0,0,0,0
1800,1,1,0.0,1,0,0,0,0,0,0
1801,1,1,0.0,1,0,0,0,0,1,0
1802,2,2,0.5,1,0,0,0,0,0,0
1803,1,1,0.0,3,0,0,0,0,0,0
1804,1,1,0.0,1,0,0,0,0,0,0
1805,2,2,2.5,20,0,0,0,0,0,0
1806,2,2,0.0,1,0,0,0,0,0,0
1807,2,2,1.5,7,0,0,0,0,0,0
1808,2,2,0.0,1,0,0,0,0,0,0
1809,2,2,0.0,1,0,0,0,0,0,0
1810,3,3,0.0,3,0,0,0,0,0,0
1811,1,1,0.0,1,0,0,0,0,0,0
1812,2,2,1.5,6,0,0,0,0,0,0
1813,1,1,0.0,7,0,0,0,0,0,0
1814,9,9,0.41573970964154905,50,0,0,0,0,0,0
1815,2,2,0.5,2,0,0,0,0,0,0
1816,1,1,0.0,1,0,0,0,0,0,0
1817,2,2,0.0,1,0,0,0,0,0,0
1818,2,2,0.5,1,0,0,0,0,0,0
1819,1,1,0.0,1,0,0,0,0,0,0
1820,1,1,0.0,1,0,0,0,0,0,0
1821,5,5,0.0,7,1,3,0,0,0,0
1822,2,2,0.0,1,0,0,0,0,1,0
1823,2,2,0.0,1,0,1,0,0,0,0
1824,2,2,0.0,1,0,0,0,0,0,0
1825,2,2,0.5,2,0,0,0,0,0,0
1826,1,1,0.0,1,0,0,0,0,0,0
1827,1,1,0.0,2,0,0,0,0,0,0
1828,2,2,0.5,1,0,0,0,0,0,0
1829,2,2,0.5,3,0,0,0,0,0,0
1830,2,2,0.5,3,0,1,0,0,0,0
1831,2,2,0.0,1,0,1,0,0,0,0
1832,1,1,0.0,4,0,0,0,0,0,0
1833,1,1,0.0,2,0,0,0,0,0,0
1834,2,2,0.0,1,0,1,0,0,0,0
1835,2,2,0.0,1,0,0,0,0,0,0
1836,1,1,0.0,1,0,0,0,0,0,0
1837,2,2,0.0,1,0,0,0,0,0,0
1838,5,5,0.0,7,1,3,0,0,0,0
1839,2,2,0.0,1,0,0,0,0,1,0
1840,2,2,0.5,2,0,0,0,0,0,0
1841,1,1,0.0,3,0,0,0,0,0,0
1842,2,2,0.0,1,0,1,0,0,0,0
1843,2,2,0.0,1,0,0,0,0,0,0
1844,2,2,0.0,1,0,0,0,0,1,0
1845,4,4,1.0897247358851685,7,0,0,0,0,0,12
1846,1,1,0.0,1,0,0,0,0,1,0
1847,3,3,3.7416573867739413,100,0,0,0,0,0,0
1848,2,2,0.0,1,0,0,0,0,0,0
1849,1,1,0.0,53,0,0,0,0,0,0
1850,2,2,0.0,1,0,0,0,0,1,0
1851,1,1,0.0,1,0,0,0,0,0,0
1852,2,2,0.5,3,0,0,0,0,0,0
1853,2,2,0.0,1,0,1,0,0,0,0
1854,2,2,1.0,1,0,1,0,0,0,0
1855,1,1,0.0,1,0,0,0,0,0,0
1856,2,2,0.0,1,0,0,0,0,0,0
1857,2,2,0.5,3,0,0,0,0,0,0
1858,1,1,0.0,1,0,0,0,0,0,0
1859,4,4,0.0,5,0,1,0,0,2,0
1860,2,2,0.0,1,0,0,0,0,0,0
1861,2,2,0.0,2,0,0,0,0,0,0
1862,2,2,0.5,1,0,0,0,0,0,0
1863,1,1,0.0,1,0,0,0,0,0,0
1864,2,2,0.5,1,0,0,0,0,0,0
1865,1,1,0.0,1,0,0,0,0,0,0
1866,1,1,0.0,1,0,0,0,0,0,0
1867,1,1,0.0,1,0,0,0,0,0,0
1868,1,1,0.0,1,0,0,0,0,0,0
1869,2,2,0.5,3,0,0,0,0,0,0
1870,2,2,0.5,1,0,0,0,0,0,0
1871,1,1,0.0,1,0,0,0,0,0,0
1872,2,2,0.5,4,0,0,0,0,0,0
1873,2,2,0.5,3,0,0,0,0,0,0
1874,1,1,0.0,1,0,0,0,0,0,0
1875,2,2,0.0,1,0,0,0,0,0,0
1876,3,3,0.0,3,0,0,0,0,0,0
1877,1,1,0.0,2,0,0,0,0,0,0
1878,1,1,0.0,1,0,0,0,0,0,0
1879,1,1,0.0,1,0,0,0,0,0,0
1880,2,2,0.0,1,0,0,0,0,0,0
1881,1,1,0.0,2,0,0,0,0,0,0
1882,1,1,0.0,2,0,0,0,0,0,0
1883,1,1,0.0,1,0,0,0,0,0,0
1884,4,4,0.4330127018922193,6,2,0,0,0,0,0
1885,2,2,1.0,3,0,0,0,0,0,0
1886,2,2,0.5,1,0,0,0,0,0,0
1887,2,2,0.0,1,0,0,0,0,0,0
1888,1,1,0.0,1,0,0,0,0,0,0
1889,2,2,0.5,1,0,0,0,0,0,0
1890,1,1,0.0,1,0,0,0,0,0,0
1891,1,1,0.0,1,0,0,0,0,1,0
1892,2,2,0.0,1,0,0,0,0,0,0
1893,2,2,0.5,1,0,0,0,0,0,0
1894,1,1,0.0,1,0,0,0,0,0,0
1895,1,1,0.0,3,0,0,0,0,0,0
1896,2,2,0.0,1,0,0,0,0,0,0
1897,3,3,0.0,3,0,0,0,0,0,0
1898,1,1,0.0,1,0,0,0,0,0,0
1899,1,1,0.0,7,0,0,0,0,0,0
1900,9,9,0.41573970964154905,50,0,0,0,0,0,0
1901,2,2,0.5,2,0,0,0,0,0,0
1902,1,1,0.0,1,0,0,0,0,0,0
1903,2,2,0.0,1,0,0,0,0,0,0
1904,2,2,1.5,11,0,0,0,0,0,0
1905,2,2,0.0,2,0,0,0,0,0,0
1906,1,1,0.0,1,0,0,0,0,0,0
1907,2,2,0.0,1,0,0,0,0,0,0
1908,2,2,0.0,1,0,0,0,0,1,0
1909,3,3,3.7416573867739413,100,0,0,0,0,0,0
1910,4,4,1.0897247358851685,7,0,0,0,0,0,12
1911,1,1,0.0,1,0,0,0,0,1,0
1912,2,2,0.0,1,0,0,0,0,0,0
1913,1,1,0.0,53,0,0,0,0,0,0
1914,2,2,0.5,1,0,0,0,0,0,0
1915,5,5,0.0,7,1,3,0,0,0,0
1916,2,2,0.0,1,0,0,0,0,1,0
1917,2,2,0.0,1,0,0,0,0,0,0
1918,2,2,0.5,2,0,0,0,0,0,0
1919,2,2,0.0,1,0,1,0,0,0,0
1920,1,1,0.0,1,0,0,0,0,0,0
1921,1,1,0.0,1,0,0,0,0,0,0
1922,2,2,0.0,2,0,0,0,1,0,0
1923,1,1,0.0,1,0,0,0,0,0,0
1924,2,2,0.0,2,0,0,0,1,0,0
1925,1,1,0.0,6,0,0,0,0,0,0
1926,2,2,0.0,2,0,0,0,1,0,0
1927,1,1,0.0,1,0,0,0,0,0,0
1928,1,1,0.0,1,0,0,0,0,0,0
1929,2,2,0.5,1,0,0,0,0,0,0
1930,1,1,0.0,6,0,0,0,0,0,0
1931,1,1,0.0,1,0,0,0,0,0,0
1932,2,2,0.0,1,0,0,0,0,0,0
1933,2,2,0.0,1,0,0,0,0,0,0
1934,3,3,0.816496580927726,6,0,0,0,0,0,0
1935,2,2,0.0,1,0,0,0,0,0,0
1936,2,2,0.5,1,0,0,0,0,0,0
1937,1,1,0.0,1,0,0,0,0,0,0
1938,2,2,0.0,1,0,1,0,0,0,0
1939,1,1,0.0,1,0,0,0,0,0,0
1940,1,1,0.0,1,0,0,0,0,0,0
1941,1,1,0.0,1,0,0,0,0,0,0
1942,1,1,0.0,6,0,0,0,0,0,0
1943,1,1,0.0,1,0,0,0,0,0,0
1944,2,2,0.5,2,0,0,0,1,0,0
1945,2,2,0.5,1,0,0,0,0,0,0
1946,1,1,0.0,6,0,0,0,0,0,0
1947,3,3,0.4714045207910317,2,0,0,0,0,0,0
1948,1,1,0.0,1,0,0,0,0,0,0
1949,1,1,0.0,1,0,0,0,0,0,0
1950,2,2,0.5,2,0,0,0,1,0,0
1951,1,1,0.0,1,0,0,0,0,0,0
1952,1,1,0.0,1,0,0,0,0,0,0
1953,2,2,0.0,1,0,0,0,0,0,0
1954,2,2,0.5,1,0,0,0,0,0,0
1955,2,2,0.0,1,0,1,0,0,0,0
1956,1,1,0.0,1,0,0,0,0,0,0
1957,2,2,0.0,2,0,0,0,0,0,0
1958,1,1,0.0,3,0,0,0,0,0,0
1959,1,1,0.0,1,0,0,0,0,0,0
1960,2,2,0.5,1,0,0,0,0,0,0
1961,1,1,0.0,1,0,0,0,0,0,0
1962,1,1,0.0,6,0,0,0,0,0,0
1963,1,1,0.0,1,0,0,0,0,0,0
1964,1,1,0.0,1,0,0,0,0,0,0
1965,1,1,0.0,1,0,0,0,0,0,0
1966,1,1,0.0,1,0,0,0,0,0,0
1967,1,1,0.0,3,0,0,0,0,0,0
1968,1,1,0.0,1,0,0,0,0,0,0
1969,1,1,0.0,1,0,0,0,0,0,0
1970,1,1,0.0,1,0,0,0,0,0,0
1971,1,1,0.0,1,0,0,0,0,0,0
1972,1,1,0.0,1,0,0,0,0,0,0
1973,2,2,0.5,1,0,0,0,0,0,0
1974,2,2,0.0,2,0,0,0,1,0,0
1975,2,2,0.5,1,0,0,0,0,0,0
1976,1,1,0.0,6,0,0,0,0,0,0
1977,2,2,0.0,1,0,0,0,0,0,0
1978,6,6,0.7453559924999299,5,0,0,0,0,0,0
1979,2,2,1.0,1,0,0,0,0,0,0
1980,1,1,0.0,1,0,0,0,0,0,0
1981,2,2,0.0,1,0,0,0,0,0,0
1982,3,3,0.4714045207910317,6,0,0,0,0,0,0
1983,2,2,1.0,1,0,0,0,0,0,0
1984,4,4,1.224744871391589,47,0,0,0,1,0,24
1985,1,1,0.0,1,0,0,0,0,0,0
1986,2,2,0.0,1,0,0,0,0,0,0
1987,1,1,0.0,1,0,0,0,0,0,0
1988,1,1,0.0,1,0,0,0,0,0,0
1989,2,2,0.5,1,0,0,0,0,0,0
1990,1,1,0.0,1,0,0,0,0,0,0
1991,1,1,0.0,1,0,0,0,0,0,0
1992,2,2,0.5,3,0,0,0,0,1,0
1993,1,1,0.0,1,0,0,0,0,0,0
1994,1,1,0.0,1,0,0,0,0,0,0
1995,1,1,0.0,1,0,0,0,0,0,0
1996,1,1,0.0,1,0,0,0,0,0,0
1997,3,3,0.9428090415820634,4,1,0,0,0,0,0
1998,2,2,0.0,3,1,0,0,0,0,0
1999,1,1,0.0,1,0,0,0,0,0,0
2000,2,2,0.0,2,1,0,0,0,0,0
2001,3,3,0.9428090415820634,2,0,0,0,0,0,0
2002,1,1,0.0,1,0,0,0,0,0,0
2003,3,3,0.9428090415820634,4,0,0,0,0,0,0
2004,3,3,0.9428090415820634,2,0,0,0,0,0,0
2005,1,1,0.0,1,0,0,0,0,0,0
2006,3,3,0.9428090415820634,2,0,0,0,0,0,0
2007,2,2,0.5,3,0,0,0,0,0,0
2008,4,4,1.0,6,0,0,0,0,0,0
2009,3,3,0.9428090415820634,2,0,0,0,0,0,0
2010,1,1,0.0,1,0,0,0,0,0,0
2011,1,1,0.0,1,0,0,0,0,0,0
2012,1,1,0.0,1,0,0,0,0,0,0
2013,3,3,0.9428090415820634,4,0,0,0,0,0,0
2014,3,3,0.9428090415820634,2,0,0,0,0,0,0
2015,1,1,0.0,1,0,0,0,0,0,0
2016,1,1,0.0,1,0,0,0,0,0,0
2017,1,1,0.0,1,0,0,0,0,0,0
2018,3,3,0.9428090415820634,4,0,0,0,0,0,0
2019,3,3,0.9428090415820634,2,0,0,0,0,0,0
2020,2,2,0.5,3,0,0,0,0,0,0
2021,4,4,1.0,6,0,0,0,0,0,0
2022,2,2,2.0,2,0,0,0,0,0,0
2023,1,1,0.0,1,0,0,0,0,0,0
2024,1,1,0.0,1,0,0,0,0,0,0
2025,1,1,0.0,1,0,0,0,0,0,0
2026,1,1,0.0,1,0,0,0,0,0,0
2027,1,1,0.0,1,0,0,0,0,0,0
2028,2,2,1.0,3,0,0,0,0,0,0
2029,8,8,1.7320508075688772,84,4,0,0,4,0,0
2030,2,2,0.0,2,1,0,0,0,0,0
2031,2,2,0.0,3,1,0,0,0,0,0
2032,2,2,0.0,2,1,0,0,0,0,0
2033,1,1,0.0,1,0,0,0,0,0,0
2034,1,1,0.0,1,0,0,0,0,0,0
2035,1,1,0.0,1,0,0,0,0,0,0
2036,1,1,0.0,1,0,0,0,0,0,0
2037,1,1,0.0,1,0,0,0,0,0,0
2038,2,2,1.0,3,0,0,0,0,0,0
2039,8,8,1.7320508075688772,84,4,0,0,4,0,0
2040,2,2,0.0,2,1,0,0,0,0,0
2041,2,2,0.0,3,1,0,0,0,0,0
2042,2,2,0.0,2,1,0,0,0,0,0
2043,2,2,0.0,1,0,0,0,0,0,0
2044,1,1,0.0,1,0,0,0,0,0,0
2045,1,1,0.0,1,0,0,0,0,0,0
2046,1,1,0.0,1,0,0,0,0,0,0
2047,1,1,0.0,1,0,0,0,0,0,0
2048,3,3,0.9428090415820634,4,1,0,0,0,0,0
2049,2,2,0.0,3,1,0,0,0,0,0
2050,1,1,0.0,1,0,0,0,0,0,0
2051,2,2,0.0,2,1,0,0,0,0,0
2052,1,1,0.0,1,0,0,0,0,0,0
2053,1,1,0.0,1,0,0,0,0,0,0
2054,1,1,0.0,1,0,0,0,0,0,0
2055,2,2,0.5,1,0,0,0,0,0,0
2056,1,1,0.0,1,0,0,0,0,0,0
2057,1,1,0.0,1,0,0,0,0,0,0
2058,2,2,0.5,3,0,0,0,0,1,0
2059,3,3,0.9428090415820634,2,0,0,0,0,0,0
2060,2,2,0.5,3,0,0,0,0,0,0
2061,4,4,1.0,6,0,0,0,0,0,0
2062,3,3,0.9428090415820634,2,0,0,0,0,0,0
2063,1,1,0.0,1,0,0,0,0,0,0
2064,1,1,0.0,1,0,0,0,0,0,0
2065,1,1,0.0,1,0,0,0,0,0,0
2066,3,3,0.9428090415820634,4,0,0,0,0,0,0
2067,3,3,0.9428090415820634,2,0,0,0,0,0,0
2068,1,1,0.0,1,0,0,0,0,0,0
2069,1,1,0.0,1,0,0,0,0,0,0
2070,1,1,0.0,1,0,0,0,0,0,0
2071,3,3,0.9428090415820634,4,0,0,0,0,0,0
2072,3,3,0.9428090415820634,2,0,0,0,0,0,0
2073,2,2,0.5,3,0,0,0,0,0,0
2074,4,4,1.0,6,0,0,0,0,0,0
2075,3,3,0.9428090415820634,4,0,0,0,0,0,0
2076,3,3,0.9428090415820634,2,0,0,0,0,0,0
2077,3,3,0.9428090415820634,2,0,0,0,0,0,0
2078,1,1,0.0,1,0,0,0,0,0,0
2079,3,3,0.9428090415820634,2,0,0,0,0,0,0
2080,1,1,0.0,1,0,0,0,0,0,0
2081,1,1,0.0,1,0,0,0,0,0,0
2082,1,1,0.0,1,0,0,0,0,0,0
2083,3,3,0.9428090415820634,4,0,0,0,0,0,0
2084,1,1,0.0,1,0,0,0,0,0,0
2085,2,2,2.0,2,0,0,0,0,0,0
2086,3,3,2.494438257849294,5,0,0,0,0,0,0
2087,1,1,0.0,1,0,0,0,0,0,0
2088,6,6,0.7453559924999299,5,0,0,0,0,0,0
2089,2,2,1.0,1,0,0,0,0,0,0
2090,1,1,0.0,1,0,0,0,0,0,0
2091,2,2,0.0,1,0,0,0,0,0,0
2092,3,3,0.4714045207910317,6,0,0,0,0,0,0
2093,2,2,1.0,1,0,0,0,0,0,0
2094,4,4,1.224744871391589,47,0,0,0,1,0,24
2095,1,1,0.0,2,0,0,0,0,0,0
2096,2,2,0.0,1,0,1,0,0,0,0
2097,2,2,0.0,1,0,1,0,0,0,0
2098,2,2,0.0,1,0,0,0,0,0,0
2099,1,1,0.0,1,0,0,0,0,0,0
2100,2,2,0.0,1,0,0,0,0,0,0
2101,2,2,0.0,1,0,1,0,0,0,0
2102,2,2,0.0,1,0,1,0,0,0,0
2103,1,1,0.0,1,0,0,0,0,0,0
2104,1,1,0.0,2,0,0,0,0,0,0
2105,1,1,0.0,1,0,0,0,0,0,0
2106,1,1,0.0,1,0,0,0,0,0,0
2107,2,2,1.0,2,0,0,0,0,0,0
2108,1,1,0.0,11,0,0,0,0,0,0
2109,2,2,0.0,1,0,1,0,0,0,0
2110,2,2,1.0,3,0,0,0,0,1,0
2111,1,1,0.0,1,0,0,0,0,0,0
2112,3,3,0.9428090415820634,6,0,0,0,0,0,0
2113,2,2,0.5,4,0,0,0,0,0,0
2114,1,1,0.0,1,0,0,0,0,0,0
2115,1,1,0.0,1,0,0,0,0,0,0
2116,1,1,0.0,1,0,0,0,0,0,0
2117,16,16,1.5761900266148114,216,0,0,0,0,0,0
2118,3,3,0.4714045207910317,3,1,0,0,0,0,0
2119,3,3,1.4142135623730951,8,0,0,0,0,0,12
2120,2,2,0.0,1,0,0,0,0,0,0
2121,4,4,0.5,7,0,0,0,1,0,0
2122,2,2,1.0,1,0,0,0,0,0,0
2123,1,1,0.0,1,0,0,0,0,0,0
2124,1,1,0.0,1,0,0,0,0,0,0
2125,2,2,0.5,3,0,0,0,0,0,0
2126,2,2,0.0,1,0,1,0,0,0,0
2127,2,2,0.0,1,0,1,0,0,0,0
2128,3,3,0.4714045207910317,3,0,0,0,0,0,0
2129,2,2,0.0,1,0,1,0,0,0,0
2130,2,2,0.0,1,0,1,0,0,0,0
2131,2,2,0.0,2,0,2,0,0,0,0
2132,2,2,0.0,1,0,1,0,0,0,0
2133,2,2,0.0,1,0,1,0,0,0,0
2134,1,1,0.0,6,0,0,0,0,0,0
2135,1,1,0.0,8,0,0,0,0,0,0
2136,6,6,0.0,20,3,0,0,3,4,0
2137,2,2,0.0,1,0,0,0,0,0,0
2138,1,1,0.0,1,0,0,0,0,0,0
2139,1,1,0.0,1,0,0,0,0,0,0
2140,1,1,0.0,9,0,0,0,0,0,24
2141,2,2,0.0,1,0,1,0,0,0,0
2142,3,3,0.0,2,0,1,0,0,0,0
2143,3,3,0.0,2,0,1,0,0,0,0
2144,1,1,0.0,1,0,0,0,0,0,0
2145,1,1,0.0,1,0,0,0,0,0,0
2146,1,1,0.0,1,0,0,0,0,0,12
2147,3,3,0.9428090415820634,6,0,0,0,0,0,0
2148,1,1,0.0,1,0,0,0,0,0,0
2149,1,1,0.0,1,0,0,0,0,0,0
2150,1,1,0.0,1,0,0,0,0,0,0
2151,2,2,0.0,1,0,1,0,0,0,0
2152,2,2,0.0,1,0,1,0,0,0,0
2153,2,2,0.0,2,0,2,0,0,0,0
2154,2,2,0.0,1,0,1,0,0,0,0
2155,2,2,0.0,1,0,1,0,0,0,0
2156,2,2,0.0,1,0,1,0,0,0,0
2157,2,2,0.0,1,0,1,0,0,0,0
2158,1,1,0.0,1,0,0,0,0,0,0
2159,1,1,0.0,1,0,0,0,0,0,0
2160,1,1,0.0,1,0,0,0,0,0,0
2161,4,4,0.8660254037844386,3,0,0,0,0,0,0
2162,4,4,1.7320508075688772,6,0,0,0,0,0,0
2163,4,4,1.7320508075688772,6,0,0,0,0,0,0
2164,4,4,1.7320508075688772,6,0,0,0,0,0,0
2165,4,4,1.7320508075688772,6,0,0,0,0,0,0
2166,1,1,0.0,1,0,0,0,0,0,4
2167,2,2,0.0,1,0,0,0,0,0,4
2168,4,4,0.8660254037844386,3,0,0,0,0,0,0
2169,2,2,0.5,1,0,0,0,0,0,0
2170,1,1,0.0,1,0,0,0,0,0,0
2171,1,1,0.0,1,0,0,0,0,0,0
2172,1,1,0.0,1,0,0,0,0,0,4
2173,2,2,0.0,1,0,0,0,0,0,4
2174,1,1,0.0,1,0,0,0,0,0,0
2175,2,2,0.5,1,0,1,0,0,0,0
2176,2,2,1.0,1,0,0,0,0,0,0
2177,1,1,0.0,1,0,0,0,0,0,0
2178,2,2,0.5,1,0,1,0,0,0,0
2179,2,2,0.0,1,0,1,0,0,0,0
2180,2,2,0.0,1,0,1,0,0,0,0
2181,1,1,0.0,1,0,0,0,0,0,0
2182,2,2,0.5,1,0,0,0,0,0,0
2183,2,2,0.0,1,0,0,0,0,1,0
2184,2,2,0.5,3,0,0,0,0,1,0
2185,2,2,2.0,12,0,0,0,0,2,0
2186,2,2,0.5,3,0,0,0,0,1,0
2187,2,2,0.5,3,0,0,0,0,1,0
2188,2,2,0.5,1,0,0,0,0,0,0
2189,2,2,0.5,3,0,0,0,0,0,0
2190,2,2,0.5,3,0,0,0,0,1,0
2191,2,2,0.5,1,0,0,0,0,0,0
2192,3,3,0.816496580927726,2,1,0,0,0,0,0
2193,2,2,0.5,1,0,0,0,0,0,0
2194,2,2,0.5,1,0,0,0,0,0,0
2195,2,2,5.0,40,0,1,0,0,0,0
2196,3,3,0.816496580927726,2,1,0,0,0,0,0
2197,2,2,0.5,1,0,0,0,0,0,0
2198,2,2,0.0,1,0,0,0,0,1,0
2199,2,2,0.5,3,0,0,0,0,1,0
2200,2,2,2.0,12,0,0,0,0,2,0
2201,2,2,0.5,3,0,0,0,0,1,0
2202,2,2,0.5,3,0,0,0,0,1,0
2203,2,2,0.5,1,0,0,0,0,0,0
2204,2,2,0.5,3,0,0,0,0,0,0
2205,2,2,0.5,3,0,0,0,0,1,0
2206,2,2,0.5,1,0,0,0,0,0,0
2207,2,2,0.0,1,0,0,0,0,1,0
2208,2,2,0.5,3,0,0,0,0,1,0
2209,2,2,2.0,12,0,0,0,0,2,0
2210,2,2,0.5,3,0,0,0,0,1,0
2211,2,2,0.5,3,0,0,0,0,1,0
2212,2,2,0.5,1,0,0,0,0,0,0
2213,2,2,0.5,3,0,0,0,0,0,0
2214,2,2,0.5,3,0,0,0,0,1,0
2215,2,2,0.5,1,0,0,0,0,0,0
2216,1,1,0.0,1,0,0,0,0,0,0
2217,1,1,0.0,1,0,0,0,0,0,0
2218,2,2,1.0,3,0,0,0,0,0,0
2219,1,1,0.0,1,0,0,0,0,0,0
2220,2,2,0.0,1,0,0,0,0,0,0
2221,2,2,0.0,1,0,0,0,0,0,0
2222,2,2,0.0,1,0,0,0,0,0,0
2223,2,2,0.0,1,0,0,0,0,0,0
2224,2,2,0.0,1,0,0,0,0,0,0
2225,2,2,0.0,1,0,0,0,0,0,0
2226,2,2,0.0,1,0,0,0,0,0,0
2227,2,2,0.5,1,0,0,0,0,0,0
2228,1,1,0.0,1,0,0,0,0,0,0
2229,1,1,0.0,1,0,0,0,0,0,0
2230,2,2,0.5,3,0,0,0,0,1,0
2231,2,2,0.5,1,0,0,0,0,0,0
2232,1,1,0.0,1,0,0,0,0,0,0
2233,1,1,0.0,1,0,0,0,0,0,0
2234,2,2,0.5,1,0,0,0,0,0,0
2235,1,1,0.0,1,0,0,0,0,0,0
2236,1,1,0.0,1,0,0,0,0,0,0
2237,2,2,0.5,3,0,0,0,0,1,0
2238,2,2,0.5,3,0,0,0,0,1,0
2239,1,1,0.0,1,0,0,0,0,0,0
2240,2,2,0.0,2,0,0,0,1,0,0
2241,2,2,0.0,1,0,1,0,0,0,0
2242,1,1,0.0,1,0,0,0,0,0,0
2243,2,2,0.0,1,0,1,0,0,0,0
2244,1,1,0.0,3,0,0,0,0,0,0
2245,2,2,0.0,1,0,1,0,0,0,0
2246,2,2,0.0,1,0,0,0,0,0,0
2247,3,3,0.0,3,0,0,0,0,0,0
2248,2,2,0.0,1,0,0,0,0,0,0
2249,2,2,0.0,1,0,0,0,0,0,0
2250,2,2,0.0,1,0,0,0,0,0,0
2251,1,1,0.0,1,0,0,0,0,0,0
2252,1,1,0.0,3,0,0,0,0,0,0
2253,2,2,0.0,1,0,0,0,0,0,0
2254,2,2,0.5,3,0,0,0,0,0,0
2255,2,2,0.5,1,0,0,0,0,0,0
2256,1,1,0.0,1,0,0,0,0,0,0
2257,1,1,0.0,1,0,0,0,0,0,0
2258,1,1,0.0,1,0,0,0,0,0,0
2259,1,1,0.0,1,0,0,0,0,0,0
2260,1,1,0.0,5,0,0,0,0,0,0
2261,1,1,0.0,1,0,0,0,0,0,0
2262,2,2,0.5,2,0,0,0,0,0,0
2263,1,1,0.0,1,0,0,0,0,0,0
2264,2,2,1.0,6,0,1,0,0,0,0
2265,4,4,0.5,15,0,3,1,0,1,0
2266,1,1,0.0,1,0,0,0,0,0,0
2267,1,1,0.0,1,0,0,0,0,0,0
2268,1,1,0.0,4,0,0,0,0,0,0
2269,1,1,0.0,4,0,0,0,0,0,0
2270,2,2,0.5,3,0,0,0,0,0,0
2271,1,1,0.0,1,0,0,0,0,0,0
2272,2,2,0.0,1,0,0,0,0,0,0
2273,2,2,0.0,1,0,0,0,0,0,0
2274,1,1,0.0,1,0,0,0,0,0,0
2275,1,1,0.0,1,0,0,0,0,0,0
2276,1,1,0.0,1,0,0,0,0,0,0
2277,2,2,0.0,1,0,0,0,0,0,0
2278,2,2,0.0,1,0,0,0,0,0,0
2279,2,2,0.0,1,0,0,0,0,0,0
2280,2,2,0.0,1,0,0,0,0,0,0
2281,1,1,0.0,2,0,0,0,0,0,0
2282,1,1,0.0,1,0,0,0,0,0,0
2283,2,2,0.5,3,0,0,0,0,0,0
2284,1,1,0.0,1,0,0,0,0,0,0
2285,1,1,0.0,1,0,0,0,0,0,0
2286,1,1,0.0,14,0,0,0,0,0,0
2287,1,1,0.0,14,0,0,0,0,0,0
2288,1,1,0.0,14,0,0,0,0,0,0
2289,1,1,0.0,14,0,0,0,0,0,0
2290,1,1,0.0,14,0,0,0,0,0,0
2291,1,1,0.0,14,0,0,0,0,0,0
2292,4,4,0.4330127018922193,6,0,0,0,0,0,0
2293,1,1,0.0,1,0,0,0,0,0,0
2294,1,1,0.0,1,0,0,0,0,0,0
2295,2,2,0.5,15,0,0,0,1,0,4
2296,2,2,0.5,32,0,0,0,0,0,4
2297,2,2,2.5,29,0,0,0,0,0,4
2298,2,2,2.5,29,0,0,0,0,0,4
2299,3,3,1.4142135623730951,11,0,0,0,0,0,4
2300,3,3,1.4142135623730951,10,0,0,0,0,0,0
2301,1,1,0.0,1,0,0,0,0,0,0
2302,3,3,1.4142135623730951,10,0,0,0,0,0,0
2303,1,1,0.0,1,0,0,0,0,0,0
2304,1,1,0.0,16,0,0,0,0,0,0
2305,1,1,0.0,1,0,0,0,0,0,0
2306,1,1,0.0,1,0,0,0,0,0,0
2307,1,1,0.0,1,0,0,0,0,0,0
2308,2,2,0.0,2,0,0,0,0,0,0
2309,2,2,0.5,15,0,0,0,1,0,4
2310,2,2,0.5,32,0,0,0,0,0,4
2311,2,2,2.5,29,0,0,0,0,0,4
2312,2,2,2.5,29,0,0,0,0,0,4
2313,3,3,1.4142135623730951,11,0,0,0,0,0,4
2314,1,1,0.0,11,0,0,0,0,0,4
2315,1,1,0.0,1,0,0,0,0,0,0
2316,1,1,0.0,3,0,0,0,0,0,0
2317,7,7,0.7559289460184544,310,0,4,0,1,0,0
2318,1,1,0.0,1,0,0,0,0,0,0
2319,1,1,0.0,1,0,0,0,0,0,0
2320,4,4,1.299038105676658,19,0,0,0,0,0,4
2321,4,4,1.299038105676658,19,0,0,0,0,0,4
2322,4,4,1.299038105676658,19,0,0,0,0,0,4
2323,4,4,1.299038105676658,19,0,0,0,0,0,4
2324,4,4,1.299038105676658,19,0,0,0,0,0,4
2325,4,4,1.299038105676658,19,0,0,0,0,0,4
2326,4,4,1.299038105676658,19,0,0,0,0,0,4
2327,2,2,0.0,1,0,1,0,0,0,0
2328,2,2,0.5,1,0,0,0,0,0,0
2329,1,1,0.0,1,0,0,0,0,0,0
2330,3,3,0.9428090415820634,20,0,0,0,0,0,12
2331,1,1,0.0,2,0,0,0,0,0,0
2332,1,1,0.0,36,0,0,0,0,0,8
2333,2,2,0.0,1,0,0,0,0,0,4
2334,1,1,0.0,1,0,0,0,0,0,0
2335,1,1,0.0,1,0,0,0,0,0,0
2336,2,2,2.0,2,0,0,0,0,0,0
2337,1,1,0.0,1,0,0,0,0,0,0
2338,1,1,0.0,1,0,0,0,0,0,0
2339,1,1,0.0,1,0,0,0,0,0,0
2340,1,1,0.0,1,0,0,0,0,0,0
2341,1,1,0.0,1,0,0,0,0,0,0
2342,1,1,0.0,1,0,0,0,0,0,0
2343,1,1,0.0,1,0,0,0,0,0,0
2344,1,1,0.0,1,0,0,0,0,0,0
2345,1,1,0.0,1,0,0,0,0,0,0
2346,1,1,0.0,4,0,0,0,0,0,0
2347,2,2,0.0,1,0,0,0,0,0,0
2348,1,1,0.0,1,0,0,0,0,0,0
2349,1,1,0.0,1,0,0,0,0,0,0
2350,1,1,0.0,4,0,0,0,0,0,0
2351,2,2,0.0,1,0,0,0,0,0,0
2352,1,1,0.0,1,0,0,0,0,0,0
2353,1,1,0.0,1,0,0,0,0,0,0
2354,2,2,0.0,9,0,0,0,0,0,0
2355,1,1,0.0,1,0,0,0,0,0,0
2356,1,1,0.0,1,0,0,0,0,0,0
2357,2,2,4.0,23,0,0,0,0,0,0
2358,2,2,0.5,2,0,0,0,0,0,0
2359,4,4,0.4330127018922193,6,0,0,0,0,0,0
2360,1,1,0.0,1,0,0,0,0,0,0
2361,1,1,0.0,1,0,0,0,0,0,0
2362,2,2,0.0,5,0,0,0,0,0,0
2363,1,1,0.0,1,0,0,0,0,0,0
2364,1,1,0.0,3,0,0,0,0,0,0
2365,2,2,1.0,1,0,0,0,0,0,0
2366,2,2,1.0,1,0,0,0,0,0,0
2367,2,2,0.5,2,0,0,0,0,0,0
2368,1,1,0.0,1,0,0,0,0,0,0
2369,1,1,0.0,1,0,0,0,0,0,0
2370,2,2,0.0,2,0,0,0,0,0,0
2371,1,1,0.0,1,0,0,0,0,0,0
2372,1,1,0.0,1,0,0,0,0,0,0
2373,1,1,0.0,1,0,0,0,0,0,0
2374,1,1,0.0,1,0,0,0,0,0,0
2375,1,1,0.0,3,0,0,0,0,0,0
2376,1,1,0.0,2,0,0,0,0,0,0
2377,1,1,0.0,2,0,0,0,0,0,0
2378,1,1,0.0,2,0,0,0,0,0,0
2379,2,2,0.5,1,0,0,0,0,0,0
2380,1,1,0.0,1,0,0,0,0,0,0
2381,1,1,0.0,1,0,0,0,0,0,0
2382,1,1,0.0,3,0,0,0,0,0,0
2383,1,1,0.0,3,0,0,0,0,0,0
2384,1,1,0.0,1,0,0,0,0,0,0
2385,1,1,0.0,1,0,0,0,0,0,0
2386,1,1,0.0,1,0,0,0,0,0,0
2387,2,2,0.5,2,0,0,0,0,0,0
2388,1,1,0.0,1,0,0,0,0,0,0
2389,1,1,0.0,1,0,0,0,0,0,0
2390,1,1,0.0,1,0,0,0,0,0,0
2391,1,1,0.0,1,0,0,0,0,0,0
2392,1,1,0.0,1,0,0,0,0,0,0
2393,1,1,0.0,1,0,0,0,0,0,0
2394,1,1,0.0,1,0,0,0,0,0,0
2395,1,1,0.0,1,0,0,0,0,0,0
2396,2,2,0.0,1,0,0,0,0,0,0
2397,1,1,0.0,1,0,0,0,0,0,0
2398,2,2,2.0,2,0,0,0,0,0,0
2399,1,1,0.0,4,0,0,0,0,0,0
2400,3,3,3.559026084010437,21,0,0,0,0,0,0
2401,1,1,0.0,4,0,0,0,0,0,0
2402,2,2,0.0,1,0,0,0,0,0,0
2403,1,1,0.0,1,0,0,0,0,0,0
2404,1,1,0.0,3,0,0,0,0,0,0
2405,4,4,1.299038105676658,19,0,0,0,0,0,4
2406,4,4,1.299038105676658,19,0,0,0,0,0,4
2407,4,4,1.299038105676658,19,0,0,0,0,0,4
2408,4,4,1.299038105676658,19,0,0,0,0,0,4
2409,4,4,1.299038105676658,19,0,0,0,0,0,4
2410,4,4,1.299038105676658,19,0,0,0,0,0,4
2411,4,4,1.299038105676658,19,0,0,0,0,0,4
2412,4,4,1.299038105676658,19,0,0,0,0,0,4
2413,2,2,0.5,2,0,0,0,0,0,0
2414,4,4,1.299038105676658,19,0,0,0,0,0,4
2415,4,4,1.299038105676658,19,0,0,0,0,0,4
2416,4,4,1.299038105676658,19,0,0,0,0,0,4
2417,4,4,1.299038105676658,19,0,0,0,0,0,4
2418,4,4,1.299038105676658,19,0,0,0,0,0,4
2419,4,4,1.299038105676658,19,0,0,0,0,0,4
2420,4,4,1.299038105676658,19,0,0,0,0,0,4
2421,3,3,0.9428090415820634,20,0,0,0,0,0,12
2422,2,2,0.0,5,0,0,0,0,0,0
2423,2,2,1.5,6,0,0,0,0,0,12
2424,1,1,0.0,16,0,0,0,0,0,0
2425,1,1,0.0,1,0,0,0,0,0,0
2426,1,1,0.0,1,0,0,0,0,0,0
2427,3,3,2.160246899469287,12,1,1,0,0,0,0
2428,2,2,0.5,2,0,0,0,0,0,0
2429,2,2,0.5,1,0,0,0,0,0,0
2430,1,1,0.0,4,0,0,0,0,0,0
2431,2,2,0.0,1,0,0,0,0,0,0
2432,2,2,0.0,1,0,0,0,0,0,4
2433,1,1,0.0,2,0,0,0,0,0,0
2434,1,1,0.0,36,0,0,0,0,0,8
2435,1,1,0.0,1,0,0,0,0,0,0
2436,1,1,0.0,1,0,0,0,0,0,0
2437,2,2,0.5,2,0,0,0,0,0,0
2438,6,6,1.7716909687891083,119,0,0,0,0,0,0
2439,1,1,0.0,1,0,0,0,0,0,0
2440,1,1,0.0,4,0,0,0,0,0,0
2441,2,2,0.0,1,0,0,0,0,0,0
2442,1,1,0.0,1,0,0,0,0,0,0
2443,1,1,0.0,1,0,0,0,0,0,0
2444,2,2,0.0,9,0,0,0,0,0,0
2445,1,1,0.0,1,0,0,0,0,0,0
2446,1,1,0.0,1,0,0,0,0,0,0
2447,2,2,4.0,23,0,0,0,0,0,0
2448,2,2,0.0,1,0,1,0,0,0,0
2449,11,11,3.047828111680038,311,0,0,0,0,0,32
2450,3,3,1.8856180831641267,6,0,0,0,0,0,0
2451,2,2,3.0,36,0,0,0,0,0,16
2452,2,2,3.0,38,0,0,0,0,0,4
2453,1,1,0.0,1,0,0,0,0,0,0
2454,1,1,0.0,16,0,0,0,0,0,0
2455,1,1,0.0,1,0,0,0,0,0,0
2456,1,1,0.0,3,0,0,0,0,0,0
2457,2,2,0.0,9,0,0,0,0,0,0
2458,1,1,0.0,1,0,0,0,0,0,0
2459,1,1,0.0,5,0,0,0,0,0,0
2460,3,3,0.4714045207910317,3,1,0,0,0,0,0
2461,1,1,0.0,1,0,0,0,0,0,0
2462,1,1,0.0,1,0,0,0,0,0,0
2463,1,1,0.0,1,0,0,0,0,0,0
2464,1,1,0.0,1,0,0,0,0,0,0
2465,1,1,0.0,1,0,0,0,0,0,0
2466,1,1,0.0,1,0,0,0,0,0,0
2467,1,1,0.0,1,0,0,0,0,0,0
2468,1,1,0.0,1,0,0,0,0,0,0
2469,1,1,0.0,1,0,0,0,0,0,0
2470,1,1,0.0,1,0,0,0,0,0,0
2471,1,1,0.0,1,0,0,0,0,0,0
2472,1,1,0.0,1,0,0,0,0,0,0
2473,1,1,0.0,14,0,0,0,0,0,0
2474,1,1,0.0,14,0,0,0,0,0,0
2475,1,1,0.0,14,0,0,0,0,0,0
2476,1,1,0.0,14,0,0,0,0,0,0
2477,1,1,0.0,14,0,0,0,0,0,0
2478,1,1,0.0,14,0,0,0,0,0,0
2479,1,1,0.0,1,0,0,0,0,0,0
2480,2,2,0.5,2,0,0,0,0,0,0
2481,6,6,1.7716909687891083,119,0,0,0,0,0,0
2482,3,3,3.559026084010437,21,0,0,0,0,0,0
2483,4,4,0.4330127018922193,6,0,0,0,0,0,0
2484,1,1,0.0,1,0,0,0,0,0,0
2485,1,1,0.0,1,0,0,0,0,0,0
2486,1,1,0.0,3,0,0,0,0,0,0
2487,1,1,0.0,3,0,0,0,0,0,0
2488,2,2,0.5,2,0,0,0,0,0,0
2489,1,1,0.0,1,0,0,0,0,0,0
2490,1,1,0.0,1,0,0,0,0,0,0
2491,1,1,0.0,1,0,0,0,0,0,0
2492,2,2,0.5,1,0,0,0,0,0,0
2493,1,1,0.0,1,0,0,0,0,0,0
2494,1,1,0.0,1,0,0,0,0,0,0
2495,1,1,0.0,3,0,0,0,0,0,0
2496,1,1,0.0,2,0,0,0,0,0,0
2497,2,2,2.0,2,0,0,0,0,0,0
2498,1,1,0.0,2,0,0,0,0,0,0
2499,1,1,0.0,2,0,0,0,0,0,0
2500,1,1,0.0,1,0,0,0,0,0,0
2501,1,1,0.0,4,0,0,0,0,0,0
2502,2,2,0.0,1,0,0,0,0,0,0
2503,3,3,0.9428090415820634,20,0,0,0,0,0,12
2504,1,1,0.0,4,0,0,0,0,0,0
2505,1,1,0.0,1,0,0,0,0,0,0
2506,2,2,1.0,3,0,0,0,0,0,0
2507,2,2,0.0,1,0,0,0,0,0,0
2508,1,1,0.0,1,0,0,0,0,0,0
2509,1,1,0.0,2,0,0,0,0,0,0
2510,1,1,0.0,1,0,0,0,0,0,0
2511,2,2,0.5,2,0,0,0,0,0,0
2512,2,2,0.0,5,0,0,0,0,0,0
2513,2,2,0.5,2,0,0,0,0,0,0
2514,2,2,0.0,1,0,0,0,0,0,4
2515,1,1,0.0,2,0,0,0,0,0,0
2516,1,1,0.0,36,0,0,0,0,0,8
2517,1,1,0.0,1,0,0,0,0,0,0
2518,1,1,0.0,1,0,0,0,0,0,0
2519,1,1,0.0,1,0,0,0,0,0,0
2520,2,2,0.0,1,0,1,0,0,0,0
2521,1,1,0.0,1,0,0,0,0,0,0
2522,1,1,0.0,4,0,0,0,0,0,0
2523,2,2,0.0,1,0,0,0,0,0,0
2524,1,1,0.0,1,0,0,0,0,0,0
2525,1,1,0.0,1,0,0,0,0,0,0
2526,2,2,0.0,9,0,0,0,0,0,0
2527,1,1,0.0,1,0,0,0,0,0,0
2528,1,1,0.0,1,0,0,0,0,0,0
2529,2,2,4.0,23,0,0,0,0,0,0
2530,1,1,0.0,1,0,0,0,0,0,0
2531,1,1,0.0,1,0,0,0,0,0,0
2532,11,11,3.047828111680038,311,0,0,0,0,0,32
2533,3,3,1.8856180831641267,6,0,0,0,0,0,0
2534,2,2,3.0,36,0,0,0,0,0,16
2535,2,2,3.0,38,0,0,0,0,0,4
2536,1,1,0.0,16,0,0,0,0,0,0
2537,1,1,0.0,1,0,0,0,0,0,0
2538,1,1,0.0,1,0,0,0,0,0,0
2539,1,1,0.0,3,0,0,0,0,0,0
2540,2,2,0.0,9,0,0,0,0,0,0
2541,1,1,0.0,1,0,0,0,0,0,0
2542,1,1,0.0,5,0,0,0,0,0,0
2543,3,3,0.4714045207910317,3,1,0,0,0,0,0
2544,1,1,0.0,1,0,0,0,0,0,0
2545,1,1,0.0,1,0,0,0,0,0,0
2546,2,2,0.0,1,0,1,0,0,0,0
2547,2,2,0.0,1,0,1,0,0,0,0
2548,2,2,2.0,9,0,1,0,0,0,12
2549,1,1,0.0,1,0,0,0,0,0,0
2550,1,1,0.0,1,0,0,0,0,0,0
2551,1,1,0.0,1,0,0,0,0,0,0
2552,2,2,1.0,6,0,1,0,0,0,0
2553,2,2,0.0,1,0,0,0,0,0,0
2554,2,2,1.0,6,0,0,0,0,0,0
2555,2,2,0.5,1,0,0,1,0,0,0
2556,2,2,0.5,1,0,0,1,0,0,0
2557,1,1,0.0,2,0,0,0,0,0,0
2558,2,2,0.5,1,0,0,0,0,0,0
2559,1,1,0.0,4,0,0,0,0,0,0
2560,5,5,1.1661903789690602,8,0,0,0,0,0,36
2561,2,2,0.5,1,0,0,1,0,0,0
2562,1,1,0.0,1,0,0,0,0,0,0
2563,1,1,0.0,1,0,0,0,0,0,0
2564,1,1,0.0,1,0,0,0,0,0,0
2565,2,2,4.0,30,0,0,0,0,0,12
2566,2,2,2.0,6,0,1,0,0,0,0
2567,5,5,1.7435595774162693,39,0,2,1,0,4,0
2568,1,1,0.0,1,0,0,0,0,0,0
2569,2,2,0.5,2,0,0,0,0,0,0
2570,2,2,0.0,11,0,0,0,0,1,0
2571,1,1,0.0,1,0,0,0,0,0,0
2572,1,1,0.0,1,0,0,0,0,0,0
2573,1,1,0.0,11,0,0,0,0,0,12
2574,2,2,0.5,2,0,0,0,0,0,0
2575,2,2,1.0,3,0,0,0,0,0,0
2576,2,2,0.0,1,0,0,0,0,0,0
2577,2,2,0.5,3,0,0,0,0,0,0
2578,2,2,1.0,4,0,0,0,0,0,0
2579,2,2,3.5,80,0,0,0,0,0,0
2580,2,2,2.0,3,0,1,0,0,0,0
2581,1,1,0.0,3,0,0,0,0,0,0
2582,2,2,0.5,3,0,0,0,0,0,0
2583,1,1,0.0,1,0,0,0,0,0,0
2584,3,3,2.160246899469287,61,0,0,0,0,3,0
2585,2,2,0.0,1,0,0,0,0,0,0
2586,3,3,3.559026084010437,48,0,0,0,0,0,24
2587,2,2,0.0,1,0,1,0,0,0,0
2588,4,4,1.7320508075688772,6,1,1,0,0,0,0
2589,2,2,1.5,5,0,1,0,0,0,0
2590,1,1,0.0,1,0,0,0,0,0,0
2591,1,1,0.0,1,0,0,0,0,0,0
2592,4,4,1.8708286933869707,20,0,2,0,0,1,0
2593,2,2,0.0,1,0,0,0,0,0,0
2594,1,1,0.0,3,0,0,0,0,0,0
2595,2,2,0.0,1,0,0,0,0,0,0
2596,2,2,0.0,1,0,0,0,0,0,0
2597,1,1,0.0,1,0,0,0,0,0,0
2598,1,1,0.0,1,0,0,0,0,0,0
2599,4,4,0.5,15,0,2,1,0,4,0
2600,1,1,0.0,1,0,0,0,0,0,0
2601,1,1,0.0,3,0,0,0,0,0,0
2602,1,1,0.0,1,0,0,0,0,0,0
2603,1,1,0.0,8,0,0,0,0,0,0
2604,1,1,0.0,1,0,0,0,0,0,0
2605,2,2,1.5,14,0,0,0,0,0,0
2606,2,2,1.5,9,0,0,0,0,0,0
2607,5,5,0.8944271909999159,17,0,0,0,0,0,0
2608,1,1,0.0,1,0,0,0,0,0,0
2609,1,1,0.0,1,0,0,0,0,0,0
2610,1,1,0.0,6,0,0,0,0,0,0
2611,1,1,0.0,3,0,0,0,0,0,0
2612,1,1,0.0,6,0,0,0,0,0,0
2613,1,1,0.0,6,0,0,0,0,0,0
2614,1,1,0.0,1,0,0,0,0,0,0
2615,1,1,0.0,3,0,0,0,0,0,0
2616,1,1,0.0,1,0,0,0,0,0,0
2617,1,1,0.0,1,0,0,0,0,0,0
2618,2,2,0.0,1,0,1,0,0,0,0
2619,2,2,0.0,1,0,0,0,0,0,0
2620,2,2,0.0,1,0,0,0,0,0,0
2621,2,2,0.0,1,0,0,0,0,0,0
2622,1,1,0.0,1,0,0,0,1,0,0
2623,2,2,0.0,3,0,0,0,0,0,0
2624,2,2,0.0,3,0,0,0,0,0,0
2625,1,1,0.0,1,0,0,0,0,0,0
2626,1,1,0.0,1,0,0,0,0,0,0
2627,1,1,0.0,7,0,0,0,0,0,0
2628,1,1,0.0,1,0,0,0,0,0,0
2629,4,4,0.82915619758885,12,1,3,1,0,0,0
2630,1,1,0.0,3,0,0,0,0,0,0
2631,1,1,0.0,3,0,0,0,0,0,0
2632,1,1,0.0,1,0,0,0,0,0,0
2633,2,2,0.5,5,0,0,0,0,0,0
2634,1,1,0.0,1,0,0,0,0,0,0
2635,3,3,0.4714045207910317,3,0,0,0,0,0,0
2636,3,3,0.4714045207910317,3,0,0,0,0,0,0
2637,1,1,0.0,1,0,0,0,0,0,0
2638,2,2,0.0,1,0,0,0,0,0,0
2639,2,2,0.0,1,0,0,0,0,0,0
2640,1,1,0.0,1,0,0,0,0,0,0
2641,1,1,0.0,1,0,0,0,0,0,0
2642,3,3,1.8856180831641267,23,0,0,0,0,0,0
2643,2,2,1.5,11,0,0,0,0,0,0
2644,7,7,1.8844151368961313,195,0,0,0,1,0,0
2645,1,1,0.0,6,0,0,0,0,0,0
2646,1,1,0.0,1,0,0,0,0,0,0
2647,1,1,0.0,1,0,0,0,0,0,12
2648,1,1,0.0,1,0,0,0,0,0,0
2649,2,2,2.5,15,0,0,0,0,0,0
2650,2,2,0.5,4,0,0,0,0,0,0
2651,1,1,0.0,3,0,0,0,0,0,12
2652,1,1,0.0,1,0,0,0,0,0,0
2653,2,2,0.5,1,0,0,0,0,0,4
2654,2,2,0.0,1,0,0,0,0,0,0
2655,4,4,0.4330127018922193,12,0,0,0,0,0,8
2656,1,1,0.0,4,0,0,0,0,0,0
2657,2,2,0.0,1,0,0,0,0,0,0
2658,4,4,1.7853571071357126,52,0,0,0,0,1,0
2659,2,2,0.5,4,0,0,0,0,0,0
2660,2,2,0.0,7,0,0,0,0,0,0
2661,1,1,0.0,1,0,0,0,0,0,0
2662,2,2,0.5,4,0,0,0,0,0,4
2663,1,1,0.0,1,0,0,0,0,0,0
2664,1,1,0.0,1,0,0,0,1,0,0
2665,2,2,0.5,1,0,0,0,0,0,0
2666,2,2,1.0,1,0,0,0,0,0,0
2667,2,2,1.0,1,0,0,0,0,0,0
2668,2,2,1.0,1,0,0,0,0,0,0
2669,2,2,1.0,1,0,0,0,0,0,0
2670,2,2,1.0,1,0,0,0,0,0,0
2671,2,2,1.0,1,0,0,0,0,0,0
2672,3,3,0.4714045207910317,2,0,0,0,0,0,4
2673,2,2,1.0,5,0,0,0,0,0,0
2674,1,1,0.0,1,0,0,0,0,0,0
2675,1,1,0.0,1,0,0,0,0,0,0
2676,1,1,0.0,1,0,0,0,0,0,0
2677,1,1,0.0,1,0,0,0,0,0,0
2678,1,1,0.0,1,0,0,0,0,0,0
2679,1,1,0.0,1,0,0,0,0,0,0
2680,1,1,0.0,1,0,0,0,0,0,0
2681,2,2,1.0,3,0,0,0,0,0,0
2682,2,2,0.0,1,0,1,0,0,0,0
2683,1,1,0.0,1,0,0,0,0,0,0
2684,1,1,0.0,1,0,0,0,0,0,0
2685,1,1,0.0,1,0,0,0,0,0,0
2686,1,1,0.0,1,0,0,0,0,0,4
2687,1,1,0.0,1,0,0,0,0,0,0
2688,1,1,0.0,1,0,0,0,0,0,0
2689,1,1,0.0,1,0,0,0,0,0,0
2690,1,1,0.0,1,0,0,0,0,0,0
2691,1,1,0.0,1,0,0,0,0,0,0
2692,1,1,0.0,1,0,0,0,0,0,0
2693,1,1,0.0,1,0,0,0,0,0,0
2694,1,1,0.0,1,0,0,0,0,0,0
2695,2,2,0.5,1,0,0,0,0,0,0
2696,3,3,0.0,2,1,1,0,0,0,0
2697,1,1,0.0,1,0,0,0,0,0,0
2698,1,1,0.0,1,0,0,0,1,0,0
2699,2,2,0.5,1,0,0,0,0,0,0
2700,2,2,0.0,1,0,0,0,0,0,12
2701,1,1,0.0,1,0,0,0,0,0,0
2702,14,14,0.5150787536377128,13,0,0,0,0,0,0
2703,3,3,0.4714045207910317,5,0,0,0,0,0,0
2704,2,2,0.0,1,0,0,0,0,0,0
2705,15,15,0.49888765156985887,14,0,0,0,0,0,0
2706,2,2,0.0,1,0,0,0,0,0,0
2707,1,1,0.0,1,0,0,0,0,0,0
2708,2,2,0.0,1,0,0,0,0,0,0
2709,1,1,0.0,1,0,0,0,0,0,0
2710,2,2,0.0,1,0,0,0,0,0,0
2711,2,2,0.0,1,0,1,0,0,0,0
2712,2,2,0.5,3,0,1,0,0,0,12
2713,3,3,0.4714045207910317,3,0,0,0,0,0,0
2714,2,2,0.0,1,0,0,0,0,0,0
2715,2,2,0.0,1,0,0,0,0,0,0
2716,2,2,0.0,1,0,0,0,0,0,0
2717,3,3,0.4714045207910317,3,0,0,0,0,0,0
2718,10,10,0.6,9,0,0,0,0,0,0
2719,11,11,0.5749595745760689,10,0,0,0,0,0,0
2720,1,1,0.0,1,0,0,0,0,0,12
2721,2,2,1.0,2,0,0,0,0,0,0
2722,2,2,2.0,4,0,0,0,0,0,0
2723,2,2,0.0,1,0,0,0,0,0,0
2724,9,9,0.6285393610547089,8,0,0,0,0,0,0
2725,2,2,0.0,1,0,0,0,0,0,0
2726,2,2,0.0,1,0,0,0,0,0,0
2727,2,2,0.0,1,0,0,0,0,0,0
2728,12,12,0.5527707983925667,11,0,0,0,0,0,0
2729,2,2,0.0,1,0,0,0,0,0,0
2730,2,2,0.0,1,0,0,0,0,0,0
2731,2,2,0.0,1,0,0,0,0,0,0
2732,2,2,0.0,1,0,0,0,0,0,0
2733,2,2,0.0,1,0,0,0,0,0,0
2734,13,13,0.532938710021193,12,0,0,0,0,0,0
2735,14,14,0.5150787536377128,13,0,0,0,0,0,0
2736,2,2,0.0,1,0,0,0,0,0,0
2737,2,2,0.0,1,0,0,0,0,0,0
2738,3,3,0.9428090415820634,14,0,0,0,0,0,24
2739,3,3,0.816496580927726,10,0,0,0,0,0,0
2740,1,1,0.0,3,0,0,0,0,0,12
2741,1,1,0.0,1,0,0,0,0,0,0
2742,3,3,0.9428090415820634,6,0,0,0,0,0,0
2743,2,2,0.0,1,0,0,0,0,0,0
2744,13,13,0.532938710021193,12,0,0,0,0,0,0
2745,2,2,0.0,1,0,0,0,0,0,0
2746,2,2,0.0,1,0,0,0,0,0,12
2747,12,12,0.5527707983925667,11,0,0,0,0,0,0
2748,2,2,0.0,1,0,0,0,0,0,0
2749,1,1,0.0,1,0,0,0,0,0,0
2750,2,2,1.0,1,0,0,0,0,0,0
2751,2,2,1.0,1,0,0,0,0,0,0
2752,3,3,0.9428090415820634,2,0,0,0,0,0,0
2753,2,2,1.0,1,0,0,0,0,0,0
2754,2,2,1.0,1,0,0,0,0,0,0
2755,2,2,1.0,1,0,0,0,0,0,0
2756,3,3,0.9428090415820634,2,0,0,0,0,0,0
2757,2,2,1.0,1,0,0,0,0,0,0
2758,3,3,0.9428090415820634,2,0,0,0,0,0,0
2759,3,3,0.9428090415820634,2,0,0,0,0,0,0
2760,3,3,0.9428090415820634,2,0,0,0,0,0,0
2761,3,3,0.9428090415820634,2,0,0,0,0,0,0
2762,3,3,0.9428090415820634,2,0,0,0,0,0,0
2763,3,3,0.9428090415820634,2,0,0,0,0,0,0
2764,2,2,1.0,1,0,0,0,0,0,0
2765,2,2,1.0,1,0,0,0,0,0,0
2766,1,1,0.0,1,0,0,0,0,0,0
2767,2,2,0.0,1,0,0,0,0,0,0
2768,2,2,2.0,3,0,0,0,0,0,0
2769,3,3,0.9428090415820634,5,1,0,0,0,0,0
2770,3,3,0.9428090415820634,4,1,0,0,0,0,0
2771,3,3,0.0,6,2,0,0,1,0,0
2772,2,2,0.0,2,1,0,0,0,0,0
2773,2,2,0.0,2,1,0,0,0,0,0
2774,2,2,0.0,2,1,0,0,0,0,0
2775,2,2,0.0,2,1,0,0,0,0,0
2776,3,3,0.9428090415820634,6,1,0,0,0,0,0
2777,3,3,0.9428090415820634,5,1,0,0,0,0,0
2778,2,2,0.0,2,1,0,0,0,0,0
2779,2,2,0.0,1,0,0,0,0,0,0
2780,2,2,1.0,3,0,0,0,0,0,0
2781,2,2,1.0,3,0,0,0,0,0,0
2782,2,2,1.0,3,0,0,0,0,0,0
2783,2,2,1.0,3,0,0,0,0,0,0
2784,2,2,1.0,3,0,0,0,0,0,0
2785,2,2,1.0,3,0,0,0,0,0,0
2786,2,2,1.0,1,0,0,0,0,0,0
2787,2,2,2.0,2,0,0,0,0,0,0
2788,2,2,1.0,1,0,0,0,0,0,0
2789,2,2,2.0,2,0,0,0,0,0,0
2790,2,2,1.0,1,0,0,0,0,0,0
2791,2,2,1.0,1,0,0,0,0,0,0
2792,2,2,1.0,1,0,0,0,0,0,0
2793,3,3,0.9428090415820634,2,0,0,0,0,0,0
2794,2,2,1.0,1,0,0,0,0,0,0
2795,2,2,1.0,1,0,0,0,0,0,0
2796,2,2,1.0,1,0,0,0,0,0,0
2797,2,2,1.0,1,0,0,0,0,0,0
2798,2,2,1.0,1,0,0,0,0,0,0
2799,3,3,0.9428090415820634,2,0,0,0,0,0,0
2800,3,3,0.9428090415820634,2,0,0,0,0,0,0
2801,3,3,0.9428090415820634,2,0,0,0,0,0,0
2802,2,2,1.0,1,0,0,0,0,0,0
2803,2,2,1.0,1,0,0,0,0,0,0
2804,2,2,1.0,1,0,0,0,0,0,0
2805,3,3,0.0,3,1,0,0,0,0,0
2806,2,2,0.0,3,1,0,0,0,0,0
2807,4,4,1.7320508075688772,8,0,0,0,0,0,0
2808,1,1,0.0,1,0,0,0,0,0,0
2809,1,1,0.0,1,0,0,0,0,0,0
2810,1,1,0.0,1,0,0,0,0,0,0
2811,2,2,2.0,2,0,0,0,0,0,0
2812,1,1,0.0,1,0,0,0,0,0,0
2813,2,2,1.0,1,0,0,0,0,0,0
2814,2,2,1.0,1,0,0,0,0,0,0
2815,2,2,1.0,1,0,0,0,0,0,0
2816,2,2,0.0,2,1,0,0,0,0,0
2817,3,3,0.0,4,2,0,0,1,0,0
2818,2,2,1.0,4,1,0,0,0,0,0
2819,2,2,0.0,2,1,0,0,0,0,0
2820,3,3,0.9428090415820634,6,2,0,0,1,0,0
2821,2,2,0.0,2,1,0,0,0,0,0
2822,3,3,0.9428090415820634,2,0,0,0,0,0,0
2823,3,3,0.9428090415820634,2,0,0,0,0,0,0
2824,3,3,0.9428090415820634,2,0,0,0,0,0,0
2825,3,3,0.9428090415820634,2,0,0,0,0,0,0
2826,3,3,0.9428090415820634,2,0,0,0,0,0,0
2827,2,2,1.0,1,0,0,0,0,0,0
2828,2,2,1.0,1,0,0,0,0,0,0
2829,2,2,3.0,3,0,0,0,0,0,0
2830,2,2,1.0,1,0,0,0,0,0,0
2831,5,5,0.9797958971132712,16,0,0,0,0,0,0
2832,4,4,1.7320508075688772,8,0,0,0,0,0,0
2833,2,2,0.5,1,0,0,0,0,0,0
2834,1,1,0.0,1,0,0,0,0,0,0
2835,1,1,0.0,1,0,0,0,0,0,0
2836,2,2,0.5,3,0,0,0,0,1,0
2837,2,2,0.0,1,0,0,0,0,0,0
2838,1,1,0.0,1,0,0,0,0,0,0
2839,4,4,2.8613807855648994,12,0,0,0,0,0,0
2840,4,4,2.7726341266023544,24,0,0,0,0,0,0
2841,2,2,1.0,1,0,0,0,0,0,0
2842,5,5,1.9595917942265424,21,0,0,0,0,0,0
2843,2,2,0.0,2,1,0,0,0,0,0
2844,2,2,0.0,2,1,0,0,0,0,0
2845,2,2,0.0,2,1,0,0,0,0,0
2846,3,3,0.9428090415820634,6,1,0,0,0,0,0
2847,2,2,0.0,2,1,0,0,0,0,0
2848,2,2,0.0,2,1,0,0,0,0,0
2849,2,2,0.0,2,1,0,0,0,0,0
2850,3,3,0.9428090415820634,4,1,0,0,0,0,0
2851,6,6,0.7637626158259734,18,0,0,0,0,0,0
2852,2,2,1.0,1,0,0,0,0,0,0
2853,2,2,0.5,1,0,0,0,0,0,0
2854,1,1,0.0,2,0,0,0,0,0,0
2855,1,1,0.0,1,0,0,0,0,0,0
2856,2,2,0.0,1,0,0,0,0,0,0
2857,2,2,1.0,1,0,0,0,0,0,0
2858,2,2,1.0,1,0,0,0,0,0,0
2859,2,2,1.0,1,0,0,0,0,0,0
2860,2,2,1.0,1,0,0,0,0,0,0
2861,3,3,0.9428090415820634,2,0,0,0,0,0,0
2862,2,2,1.0,1,0,0,0,0,0,0
2863,2,2,1.0,1,0,0,0,0,0,0
2864,3,3,0.9428090415820634,2,0,0,0,0,0,0
2865,2,2,1.0,1,0,0,0,0,0,0
2866,3,3,0.9428090415820634,2,0,0,0,0,0,0
2867,2,2,1.0,1,0,0,0,0,0,0
2868,3,3,0.9428090415820634,2,0,0,0,0,0,0
2869,2,2,1.0,1,0,0,0,0,0,0
2870,5,5,0.8,4,0,0,0,0,0,0
2871,2,2,1.0,1,0,0,0,0,0,0
2872,3,3,0.9428090415820634,2,0,0,0,0,0,0
2873,2,2,1.0,1,0,0,0,0,0,0
2874,3,3,0.9428090415820634,2,0,0,0,0,0,0
2875,2,2,1.0,1,0,0,0,0,0,0
2876,2,2,1.0,1,0,0,0,0,0,0
2877,3,3,0.0,3,1,0,0,0,0,0
2878,2,2,1.0,1,0,0,0,0,0,0
2879,2,2,1.0,1,0,0,0,0,0,0
2880,2,2,0.0,2,1,0,0,0,0,0
2881,2,2,0.0,3,1,0,0,0,0,0
2882,4,4,1.7320508075688772,8,0,0,0,0,0,0
2883,4,4,1.7320508075688772,8,0,0,0,0,0,0
2884,1,1,0.0,1,0,0,0,0,0,0
2885,1,1,0.0,1,0,0,0,0,0,0
2886,1,1,0.0,1,0,0,0,0,0,0
2887,3,3,0.0,3,1,0,0,0,0,0
2888,2,2,0.0,3,1,0,0,0,0,0
2889,3,3,0.9428090415820634,2,0,0,0,0,0,0
2890,2,2,1.0,1,0,0,0,0,0,0
2891,3,3,0.9428090415820634,2,0,0,0,0,0,0
2892,2,2,1.0,1,0,0,0,0,0,0
2893,4,4,0.8660254037844386,3,0,0,0,0,0,0
2894,2,2,1.0,1,0,0,0,0,0,0
2895,2,2,1.0,1,0,0,0,0,0,0
2896,3,3,0.9428090415820634,2,0,0,0,0,0,0
2897,3,3,0.9428090415820634,2,0,0,0,0,0,0
2898,3,3,0.9428090415820634,2,0,0,0,0,0,0
2899,3,3,0.9428090415820634,2,0,0,0,0,0,0
2900,2,2,1.0,1,0,0,0,0,0,0
2901,3,3,0.9428090415820634,2,0,0,0,0,0,0
2902,2,2,1.0,1,0,0,0,0,0,0
2903,2,2,1.0,1,0,0,0,0,0,0
2904,2,2,1.0,1,0,0,0,0,0,0
2905,3,3,0.9428090415820634,2,0,0,0,0,0,0
2906,4,4,1.7320508075688772,8,0,0,0,0,0,0
2907,2,2,1.0,1,0,0,0,0,0,0
2908,3,3,0.9428090415820634,2,0,0,0,0,0,0
2909,3,3,0.9428090415820634,2,0,0,0,0,0,0
2910,3,3,0.9428090415820634,2,0,0,0,0,0,0
2911,2,2,1.0,1,0,0,0,0,0,0
2912,2,2,1.0,1,0,0,0,0,0,0
2913,2,2,1.0,1,0,0,0,0,0,0
2914,2,2,1.0,1,0,0,0,0,0,0
2915,2,2,1.0,1,0,0,0,0,0,0
2916,2,2,1.0,1,0,0,0,0,0,0
2917,2,2,1.0,1,0,0,0,0,0,0
2918,2,2,1.0,1,0,0,0,0,0,0
2919,2,2,1.0,1,0,0,0,0,0,0
2920,2,2,1.0,1,0,0,0,0,0,0
2921,2,2,1.0,1,0,0,0,0,0,0
2922,3,3,0.9428090415820634,2,0,0,0,0,0,0
2923,3,3,0.9428090415820634,2,0,0,0,0,0,0
2924,3,3,0.9428090415820634,2,0,0,0,0,0,0
2925,2,2,1.0,1,0,0,0,0,0,0
2926,3,3,0.9428090415820634,2,0,0,0,0,0,0
2927,3,3,0.9428090415820634,2,0,0,0,0,0,0
2928,3,3,0.9428090415820634,2,0,0,0,0,0,0
2929,2,2,1.0,1,0,0,0,0,0,0
2930,2,2,1.0,1,0,0,0,0,0,0
2931,3,3,0.9428090415820634,2,0,0,0,0,0,0
2932,2,2,1.0,1,0,0,0,0,0,0
2933,2,2,1.0,1,0,0,0,0,0,0
2934,2,2,1.0,1,0,0,0,0,0,0
2935,5,5,0.9797958971132712,16,0,0,0,0,0,0
2936,5,5,0.9797958971132712,16,0,0,0,0,0,0
2937,2,2,1.0,3,0,0,0,0,0,0
2938,2,2,1.0,1,0,0,0,0,0,0
2939,2,2,1.0,3,0,0,0,0,0,0
2940,1,1,0.0,1,0,0,0,0,0,0
2941,2,2,1.0,1,0,0,0,0,0,0
2942,4,4,0.8660254037844386,3,0,0,0,0,0,0
2943,2,2,1.0,1,0,0,0,0,0,0
2944,3,3,0.9428090415820634,2,0,0,0,0,0,0
2945,3,3,0.9428090415820634,2,0,0,0,0,0,0
2946,3,3,0.9428090415820634,2,0,0,0,0,0,0
2947,3,3,0.9428090415820634,2,0,0,0,0,0,0
2948,2,2,1.0,1,0,0,0,0,0,0
2949,3,3,0.9428090415820634,2,0,0,0,0,0,0
2950,2,2,1.0,1,0,0,0,0,0,0
2951,2,2,1.0,1,0,0,0,0,0,0
2952,2,2,1.0,1,0,0,0,0,0,0
2953,4,4,1.7320508075688772,8,0,0,0,0,0,0
2954,1,1,0.0,1,0,0,0,0,0,0
2955,2,2,1.0,1,0,0,0,0,0,0
2956,3,3,0.9428090415820634,2,0,0,0,0,0,0
2957,3,3,0.9428090415820634,2,0,0,0,0,0,0
2958,2,2,1.0,1,0,0,0,0,0,0
2959,2,2,1.0,1,0,0,0,0,0,0
2960,2,2,1.0,1,0,0,0,0,0,0
2961,2,2,1.0,1,0,0,0,0,0,0
2962,2,2,1.0,1,0,0,0,0,0,0
2963,3,3,0.9428090415820634,2,0,0,0,0,0,0
2964,3,3,0.9428090415820634,2,0,0,0,0,0,0
2965,3,3,0.9428090415820634,2,0,0,0,0,0,0
2966,3,3,0.9428090415820634,2,0,0,0,0,0,0
2967,3,3,0.9428090415820634,2,0,0,0,0,0,0
2968,3,3,0.9428090415820634,2,0,0,0,0,0,0
2969,2,2,1.0,1,0,0,0,0,0,0
2970,2,2,1.0,1,0,0,0,0,0,0
2971,5,5,0.9797958971132712,16,0,0,0,0,0,0
2972,2,2,1.0,3,0,0,0,0,0,0
2973,2,2,1.0,3,0,0,0,0,0,0
2974,2,2,1.0,3,0,0,0,0,0,0
2975,2,2,1.0,3,0,0,0,0,0,0
2976,2,2,1.0,1,0,0,0,0,0,0
2977,2,2,1.0,1,0,0,0,0,0,0
2978,2,2,1.0,1,0,0,0,0,0,0
2979,2,2,1.0,1,0,0,0,0,0,0
2980,2,2,1.0,2,0,0,0,0,0,0
2981,1,1,0.0,1,0,0,0,0,0,0
2982,2,2,1.0,1,0,0,0,0,0,0
2983,1,1,0.0,1,0,0,0,0,0,0
2984,1,1,0.0,1,0,0,0,0,0,0
2985,1,1,0.0,1,0,0,0,1,0,0
2986,2,2,0.5,1,0,0,0,0,0,0
2987,1,1,0.0,1,0,0,0,0,0,0
2988,1,1,0.0,1,0,0,0,0,0,0
2989,2,2,0.5,3,0,0,0,0,1,0
2990,1,1,0.0,1,0,0,0,0,0,0
2991,6,6,1.3743685418725535,42,0,0,0,0,0,0
2992,2,2,1.0,7,0,1,0,0,0,0
2993,2,2,0.5,1,0,0,0,0,0,0
2994,1,1,0.0,6,0,0,0,0,0,0
2995,2,2,0.5,1,0,0,0,0,0,0
2996,4,4,1.7853571071357126,33,0,0,0,0,0,0
2997,1,1,0.0,1,0,0,0,0,0,0
2998,1,1,0.0,1,0,0,0,0,0,0
2999,1,1,0.0,1,0,0,0,0,0,0
3000,1,1,0.0,1,0,0,0,0,0,0
3001,2,2,1.0,3,0,1,0,0,0,0
3002,1,1,0.0,1,0,0,0,0,0,0
3003,2,2,1.0,13,0,0,0,0,0,0
3004,2,2,0.0,1,0,0,0,0,0,0
3005,2,2,0.5,2,0,0,0,0,0,0
3006,2,2,0.0,1,0,0,0,0,0,0
3007,1,1,0.0,1,0,0,0,0,0,0
3008,1,1,0.0,1,0,0,0,0,0,0
3009,2,2,1.5,13,0,0,0,0,0,0
3010,1,1,0.0,1,0,0,0,0,0,0
3011,5,5,0.4898979485566356,11,1,0,0,0,0,0
3012,2,2,0.5,7,0,0,0,0,0,0
3013,1,1,0.0,8,0,0,0,0,0,0
3014,2,2,1.0,6,0,0,0,0,0,0
3015,1,1,0.0,3,0,0,0,0,0,0
3016,8,8,1.0897247358851685,57,2,0,0,1,0,0
3017,2,2,0.0,1,0,0,0,0,0,0
3018,1,1,0.0,1,0,0,0,0,0,12
3019,1,1,0.0,1,0,0,0,0,0,0
3020,2,2,0.5,3,0,0,0,0,0,0
3021,1,1,0.0,1,0,0,0,0,0,0
3022,5,5,0.4898979485566356,11,1,0,0,0,0,0
3023,2,2,0.5,3,0,0,0,0,0,0
3024,1,1,0.0,8,0,0,0,0,0,0
3025,1,1,0.0,2,0,0,0,0,0,0
3026,7,7,0.989743318610787,67,0,0,0,0,0,0
3027,3,3,0.0,2,0,0,0,0,0,0
3028,2,2,0.5,1,0,0,0,0,0,0
3029,4,4,0.4330127018922193,6,0,3,3,0,0,0
3030,2,2,0.0,1,0,1,0,0,0,0
3031,2,2,0.0,1,0,1,0,0,0,0
3032,2,2,0.5,1,0,0,0,0,0,0
3033,2,2,0.5,3,0,0,0,0,0,0
3034,1,1,0.0,2,0,0,0,0,0,0
3035,1,1,0.0,2,0,0,0,0,0,0
3036,2,2,0.5,3,0,0,0,0,0,0
3037,1,1,0.0,1,0,0,0,0,0,0
3038,2,2,1.5,7,0,0,0,0,0,0
3039,4,4,0.4330127018922193,10,0,0,0,0,0,0
3040,2,2,0.0,1,0,0,0,0,0,0
3041,3,3,1.4142135623730951,16,0,2,0,0,0,4
3042,1,1,0.0,2,0,0,0,0,0,0
3043,1,1,0.0,1,0,0,0,0,0,0
3044,2,2,0.5,3,0,0,0,0,0,0
3045,3,3,0.9428090415820634,28,0,2,0,0,0,4
3046,1,1,0.0,8,0,0,0,0,0,0
3047,1,1,0.0,2,0,0,0,0,0,0
3048,2,2,0.0,2,0,0,0,0,0,0
3049,1,1,0.0,11,0,0,0,0,0,0
3050,2,2,1.5,5,0,0,0,0,0,0
3051,1,1,0.0,1,0,0,0,0,0,0
3052,2,2,1.5,5,0,0,0,0,0,0
3053,1,1,0.0,1,0,0,0,0,0,0
3054,3,3,1.8856180831641267,7,0,0,0,0,0,0
3055,2,2,1.0,13,0,0,0,0,0,0
3056,2,2,0.0,1,0,0,0,0,0,0
3057,1,1,0.0,2,0,0,0,0,0,0
3058,5,5,0.4898979485566356,11,1,0,0,0,0,0
3059,2,2,0.5,7,0,0,0,0,0,0
3060,1,1,0.0,8,0,0,0,0,0,0
3061,2,2,1.0,6,0,0,0,0,0,0
3062,8,8,1.0897247358851685,57,2,0,0,1,0,0
3063,2,2,0.0,1,0,0,0,0,0,0
3064,2,2,0.0,1,0,0,0,0,0,0
3065,2,2,0.0,1,0,0,0,0,0,0
3066,1,1,0.0,3,0,0,0,0,0,0
3067,1,1,0.0,1,0,0,0,0,0,12
3068,2,2,1.5,5,0,0,0,0,0,0
3069,4,4,0.5,4,0,0,0,0,0,0
3070,1,1,0.0,6,0,0,0,0,0,0
3071,1,1,0.0,6,0,0,0,0,0,0
3072,1,1,0.0,1,0,0,0,0,0,0
3073,1,1,0.0,1,0,0,0,0,0,0
3074,2,2,0.0,2,0,0,0,0,0,0
3075,2,2,0.5,4,0,0,0,0,0,0
3076,1,1,0.0,1,0,0,0,0,0,0
3077,2,2,1.5,4,0,0,0,0,0,12
3078,2,2,0.5,8,0,0,0,0,0,0
3079,2,2,0.5,1,0,0,0,0,0,0
3080,1,1,0.0,1,0,0,0,0,0,0
3081,4,4,1.5,24,0,0,0,0,0,0
3082,1,1,0.0,1,0,0,0,0,0,0
3083,2,2,0.5,2,0,0,0,0,0,12
3084,1,1,0.0,1,0,0,0,0,0,0
3085,3,3,1.8856180831641267,7,0,0,0,0,0,0
3086,1,1,0.0,6,0,0,0,0,0,0
3087,2,2,1.0,7,0,0,0,0,0,0
3088,2,2,0.5,1,0,0,0,0,0,12
3089,2,2,0.5,3,0,0,0,0,0,0
3090,1,1,0.0,1,0,0,0,0,0,0
3091,1,1,0.0,1,0,0,0,0,0,0
3092,2,2,0.0,3,0,0,0,0,0,0
3093,1,1,0.0,6,0,0,0,0,0,0
3094,1,1,0.0,1,0,0,0,0,0,0
3095,1,1,0.0,1,0,0,0,0,0,0
3096,2,2,0.5,3,0,0,0,0,0,0
3097,1,1,0.0,8,0,0,0,0,0,0
3098,2,2,0.5,3,0,0,0,0,0,0
3099,2,2,1.5,5,0,0,0,0,0,0
3100,1,1,0.0,1,0,0,0,0,0,0
3101,1,1,0.0,1,0,0,0,1,0,0
3102,2,2,0.0,2,0,0,0,0,0,0
3103,2,2,0.0,1,0,0,0,0,0,0
3104,2,2,1.0,13,0,0,0,0,0,0
3105,2,2,0.0,1,0,0,0,0,0,0
3106,1,1,0.0,1,0,0,0,0,0,0
3107,1,1,0.0,11,0,0,0,0,0,0
3108,1,1,0.0,1,0,0,0,0,0,0
3109,1,1,0.0,1,0,0,0,0,0,0
3110,3,3,1.8856180831641267,7,0,0,0,0,0,0
3111,3,3,1.4142135623730951,16,0,2,0,0,0,4
3112,2,2,1.0,3,0,1,0,0,0,0
3113,3,3,0.9428090415820634,28,0,2,0,0,0,4
3114,1,1,0.0,1,0,0,0,0,0,0
3115,2,2,0.0,2,0,0,0,0,0,0
3116,1,1,0.0,1,0,0,0,0,0,0
3117,2,2,1.5,7,0,0,0,0,0,0
3118,2,2,0.5,1,0,0,0,0,0,0
3119,4,4,0.4330127018922193,10,0,0,0,0,0,0
3120,2,2,1.5,13,0,0,0,0,0,0
3121,1,1,0.0,1,0,0,0,0,0,0
3122,2,2,1.0,7,0,1,0,0,0,0
3123,2,2,0.5,1,0,0,0,0,0,0
3124,1,1,0.0,6,0,0,0,0,0,0
3125,2,2,0.5,3,0,0,0,0,0,0
3126,2,2,0.5,1,0,0,0,0,0,0
3127,4,4,1.7853571071357126,33,0,0,0,0,0,0
3128,1,1,0.0,1,0,0,0,0,0,0
3129,1,1,0.0,1,0,0,0,0,0,0
3130,2,2,1.0,1,0,0,0,0,0,0
3131,1,1,0.0,2,0,0,0,0,0,0
3132,6,6,1.3743685418725535,42,0,0,0,0,0,0
3133,1,1,0.0,1,0,0,0,0,0,0
3134,1,1,0.0,1,0,0,0,0,0,0
