env,benchmark,cpu_cycles,fpga_cycles,delta_cycles,delta_cycle_pct,saved_cpu_ns,fpga_time_ns,f_fpga_mhz,num_blocks,avg_depth,total_depth,clb_used,dsp_used,clb_pct_board,dsp_pct_board,area_mm2,total_W,dyn_W,W_per_mm2,stage_count_raw
atom_d510,657.xz_s,8775839332,8757685329,18154003,0.207,10870660.48,44247406.67,410.284,20,1.0,20,546,0,0.369,0.0,1.706,2.93,0.455,1.717,1+1+1+1+1+1+1+1+1+1+1+1+1+1+1+1+1+1+1+1
atom_c2750,657.xz_s,7028842773,7010671329,18171444,0.259,7571435.0,44289916.25,410.284,20,1.0,20,546,0,0.369,0.0,1.706,2.93,0.455,1.717,1+1+1+1+1+1+1+1+1+1+1+1+1+1+1+1+1+1+1+1
i7_4770k,657.xz_s,5932299450,5916010181,16289269,0.275,4654076.86,39702423.2,410.284,20,1.0,20,546,0,0.369,0.0,1.706,2.93,0.455,1.717,1+1+1+1+1+1+1+1+1+1+1+1+1+1+1+1+1+1+1+1
atom_e3845,657.xz_s,6406338861,6388167142,18171719,0.284,9513989.01,44290586.52,410.284,20,1.0,20,546,0,0.369,0.0,1.706,2.93,0.455,1.717,1+1+1+1+1+1+1+1+1+1+1+1+1+1+1+1+1+1+1+1
gainestown,657.xz_s,6157600280,6001450677,156149603,2.536,55767715.36,380589062.7,410.284,20,1.0,20,546,0,0.369,0.0,1.706,2.93,0.455,1.717,1+1+1+1+1+1+1+1+1+1+1+1+1+1+1+1+1+1+1+1
atom_d510,520.omnetpp_r,3414504041,3402805025,11699016,0.343,7005398.8,28385679.8,412.145,6,1.0,6,130,0,0.088,0.0,0.406,2.831,0.357,6.969,1+1+1+1+1+1
atom_c2750,520.omnetpp_r,2440598924,2427504873,13094051,0.537,5455854.58,31770495.82,412.145,6,1.0,6,130,0,0.088,0.0,0.406,2.831,0.357,6.969,1+1+1+1+1+1
i7_4770k,520.omnetpp_r,2018186673,2008283073,9903600,0.491,2829600.0,24029407.13,412.145,6,1.0,6,130,0,0.088,0.0,0.406,2.831,0.357,6.969,1+1+1+1+1+1
atom_e3845,520.omnetpp_r,2315427991,2302195858,13232133,0.571,6927818.32,32105528.39,412.145,6,1.0,6,130,0,0.088,0.0,0.406,2.831,0.357,6.969,1+1+1+1+1+1
gainestown,520.omnetpp_r,1807240756,1797327565,9913191,0.549,3540425.36,24052678.06,412.145,6,1.0,6,130,0,0.088,0.0,0.406,2.831,0.357,6.969,1+1+1+1+1+1
atom_d510,519.lbm_r,1926924224,2128605633,-201681409,-10.466,-120767310.78,-535530731.46,376.601,17,3.06,52,5063,114,3.426,1.667,15.822,3.451,0.969,0.218,36+1+1+1+1+1+1+1+1+1+1+1+1+1+1+1+1
atom_c2750,519.lbm_r,1649892510,1803550590,-153658080,-9.313,-64024200.0,-408012936.77,376.601,17,3.06,52,5063,114,3.426,1.667,15.822,3.451,0.969,0.218,36+1+1+1+1+1+1+1+1+1+1+1+1+1+1+1+1
i7_4770k,519.lbm_r,1520742038,1525748569,-5006531,-0.329,-1430437.43,-13293992.85,376.601,17,3.06,52,5063,114,3.426,1.667,15.822,3.451,0.969,0.218,36+1+1+1+1+1+1+1+1+1+1+1+1+1+1+1+1
atom_e3845,519.lbm_r,1534743613,1660530579,-125786966,-8.196,-65857050.26,-334005926.7,376.601,17,3.06,52,5063,114,3.426,1.667,15.822,3.451,0.969,0.218,36+1+1+1+1+1+1+1+1+1+1+1+1+1+1+1+1
gainestown,519.lbm_r,1280726858,1286476648,-5749790,-0.449,-2053496.43,-15267590.9,376.601,17,3.06,52,5063,114,3.426,1.667,15.822,3.451,0.969,0.218,36+1+1+1+1+1+1+1+1+1+1+1+1+1+1+1+1
atom_d510,511.povray_r,2700522528,2691669907,8852621,0.328,5300970.66,21479384.68,412.145,4,1.0,4,130,0,0.088,0.0,0.406,2.831,0.357,6.969,1+1+1+1
atom_c2750,511.povray_r,2488854929,2480088960,8765969,0.352,3652487.08,21269138.29,412.145,4,1.0,4,130,0,0.088,0.0,0.406,2.831,0.357,6.969,1+1+1+1
i7_4770k,511.povray_r,2149091791,2140236730,8855061,0.412,2530017.43,21485304.93,412.145,4,1.0,4,130,0,0.088,0.0,0.406,2.831,0.357,6.969,1+1+1+1
atom_e3845,511.povray_r,2487553241,2478766111,8787130,0.353,4600591.62,21320481.87,412.145,4,1.0,4,130,0,0.088,0.0,0.406,2.831,0.357,6.969,1+1+1+1
gainestown,511.povray_r,1972599377,1963460264,9139113,0.463,3263968.93,22174508.97,412.145,4,1.0,4,130,0,0.088,0.0,0.406,2.831,0.357,6.969,1+1+1+1
atom_d510,521.wrf_r,3236976964,3217491642,19485322,0.602,11667857.49,38567917.8,505.221,3,1.0,3,474,9,0.321,0.132,1.481,2.869,0.395,1.937,1+1+1
atom_c2750,521.wrf_r,5159042455,5139917520,19124935,0.371,7968722.92,37854592.35,505.221,3,1.0,3,474,9,0.321,0.132,1.481,2.869,0.395,1.937,1+1+1
i7_4770k,521.wrf_r,2698971194,2670509867,28461327,1.055,8131807.71,56334410.09,505.221,3,1.0,3,474,9,0.321,0.132,1.481,2.869,0.395,1.937,1+1+1
atom_e3845,521.wrf_r,5468340387,5449718659,18621728,0.341,9749595.81,36858578.72,505.221,3,1.0,3,474,9,0.321,0.132,1.481,2.869,0.395,1.937,1+1+1
gainestown,521.wrf_r,2989016454,2946461692,42554762,1.424,15198129.29,84229994.4,505.221,3,1.0,3,474,9,0.321,0.132,1.481,2.869,0.395,1.937,1+1+1
atom_d510,654.roms_s,3395141520,3381731324,13410196,0.395,8030057.49,29386220.45,456.343,5,1.0,5,463,10,0.313,0.146,1.447,2.821,0.348,1.95,1+1+1+1+1
atom_c2750,654.roms_s,2429159280,2411536304,17622976,0.725,7342906.67,38617829.13,456.343,5,1.0,5,463,10,0.313,0.146,1.447,2.821,0.348,1.95,1+1+1+1+1
i7_4770k,654.roms_s,1336820240,1319068532,17751708,1.328,5071916.57,38899923.96,456.343,5,1.0,5,463,10,0.313,0.146,1.447,2.821,0.348,1.95,1+1+1+1+1
atom_e3845,654.roms_s,1762321117,1744508056,17813061,1.011,9326209.95,39034368.88,456.343,5,1.0,5,463,10,0.313,0.146,1.447,2.821,0.348,1.95,1+1+1+1+1
gainestown,654.roms_s,2273133289,2252953837,20179452,0.888,7206947.14,44219922.3,456.343,5,1.0,5,463,10,0.313,0.146,1.447,2.821,0.348,1.95,1+1+1+1+1
atom_d510,503.bwaves_r,36720308195,36600573094,119735101,0.326,71697665.27,301891756.76,396.616,35,1.0,35,1941,40,1.313,0.585,6.066,3.194,0.716,0.527,1+1+1+1+1+1+1+1+1+1+1+1+1+1+1+1+1+1+1+1+1+1+1+1+1+1+1+1+1+1+1+1+1+1+1
atom_c2750,503.bwaves_r,24419503055,24322832908,96670147,0.396,40279227.92,243737385.78,396.616,35,1.0,35,1941,40,1.313,0.585,6.066,3.194,0.716,0.527,1+1+1+1+1+1+1+1+1+1+1+1+1+1+1+1+1+1+1+1+1+1+1+1+1+1+1+1+1+1+1+1+1+1+1
i7_4770k,503.bwaves_r,17055586528,16908941921,146644607,0.86,41898459.14,369739513.79,396.616,35,1.0,35,1941,40,1.313,0.585,6.066,3.194,0.716,0.527,1+1+1+1+1+1+1+1+1+1+1+1+1+1+1+1+1+1+1+1+1+1+1+1+1+1+1+1+1+1+1+1+1+1+1
atom_e3845,503.bwaves_r,22653187258,22549317439,103869819,0.459,54382104.19,261890138.07,396.616,35,1.0,35,1941,40,1.313,0.585,6.066,3.194,0.716,0.527,1+1+1+1+1+1+1+1+1+1+1+1+1+1+1+1+1+1+1+1+1+1+1+1+1+1+1+1+1+1+1+1+1+1+1
gainestown,503.bwaves_r,18979601699,18853763579,125838120,0.663,44942185.71,317279484.44,396.616,35,1.0,35,1941,40,1.313,0.585,6.066,3.194,0.716,0.527,1+1+1+1+1+1+1+1+1+1+1+1+1+1+1+1+1+1+1+1+1+1+1+1+1+1+1+1+1+1+1+1+1+1+1
atom_d510,523.xalancbmk_r,5095383401,5089510970,5872431,0.115,3516425.75,11306378.05,519.391,5,1.0,5,88,0,0.06,0.0,0.275,2.65,0.179,9.636,1+1+1+1+1
atom_c2750,523.xalancbmk_r,3502233502,3496579516,5653986,0.161,2355827.5,10885798.95,519.391,5,1.0,5,88,0,0.06,0.0,0.275,2.65,0.179,9.636,1+1+1+1+1
i7_4770k,523.xalancbmk_r,2625035477,2619842495,5192982,0.198,1483709.14,9998213.29,519.391,5,1.0,5,88,0,0.06,0.0,0.275,2.65,0.179,9.636,1+1+1+1+1
atom_e3845,523.xalancbmk_r,3941269807,3935541535,5728272,0.145,2999095.29,11028824.14,519.391,5,1.0,5,88,0,0.06,0.0,0.275,2.65,0.179,9.636,1+1+1+1+1
gainestown,523.xalancbmk_r,2619833553,2613387683,6445870,0.246,2302096.43,12410438.38,519.391,5,1.0,5,88,0,0.06,0.0,0.275,2.65,0.179,9.636,1+1+1+1+1
atom_d510,507.cactuBSSN_r,7571016388,7558011000,13005388,0.172,7787657.49,26535326.33,490.116,9,1.0,9,816,20,0.552,0.292,2.55,2.884,0.41,1.131,1+1+1+1+1+1+1+1+1
atom_c2750,507.cactuBSSN_r,5186267587,5174238720,12028867,0.232,5012027.92,24542898.01,490.116,9,1.0,9,816,20,0.552,0.292,2.55,2.884,0.41,1.131,1+1+1+1+1+1+1+1+1
i7_4770k,507.cactuBSSN_r,10211131658,10205444228,5687430,0.056,1624980.0,11604252.87,490.116,9,1.0,9,816,20,0.552,0.292,2.55,2.884,0.41,1.131,1+1+1+1+1+1+1+1+1
atom_e3845,507.cactuBSSN_r,5161884993,5146185320,15699673,0.304,8219724.08,32032565.76,490.116,9,1.0,9,816,20,0.552,0.292,2.55,2.884,0.41,1.131,1+1+1+1+1+1+1+1+1
gainestown,507.cactuBSSN_r,11121073140,11112686756,8386384,0.075,2995137.14,17111018.62,490.116,9,1.0,9,816,20,0.552,0.292,2.55,2.884,0.41,1.131,1+1+1+1+1+1+1+1+1
atom_d510,644.nab_s,3106482812,3062393994,44088818,1.419,26400489.82,94629270.4,465.911,10,1.0,10,939,38,0.635,0.556,2.934,3.031,0.555,1.033,1+1+1+1+1+1+1+1+1+1
atom_c2750,644.nab_s,2573592988,2529238786,44354202,1.723,18480917.5,95198872.75,465.911,10,1.0,10,939,38,0.635,0.556,2.934,3.031,0.555,1.033,1+1+1+1+1+1+1+1+1+1
i7_4770k,644.nab_s,1868800500,1817966541,50833959,2.72,14523988.29,109106586.88,465.911,10,1.0,10,939,38,0.635,0.556,2.934,3.031,0.555,1.033,1+1+1+1+1+1+1+1+1+1
atom_e3845,644.nab_s,2586720865,2542383406,44337459,1.714,23213329.32,95162936.7,465.911,10,1.0,10,939,38,0.635,0.556,2.934,3.031,0.555,1.033,1+1+1+1+1+1+1+1+1+1
gainestown,644.nab_s,1889559697,1828728720,60830977,3.219,21725348.93,130563513.2,465.911,10,1.0,10,939,38,0.635,0.556,2.934,3.031,0.555,1.033,1+1+1+1+1+1+1+1+1+1
atom_d510,508.namd_r,1737125266,1693645206,43480060,2.503,26035964.07,144150794.52,301.629,31,3.97,123,26390,1035,17.858,15.132,82.469,6.594,4.068,0.08,4+4+4+4+4+4+4+4+4+4+4+5+4+5+4+4+4+4+4+4+4+4+4+4+4+4+5+5+5+1+1
atom_c2750,508.namd_r,1654799058,1611339434,43459624,2.626,18108176.67,144083042.41,301.629,31,3.97,123,26390,1035,17.858,15.132,82.469,6.594,4.068,0.08,4+4+4+4+4+4+4+4+4+4+4+5+4+5+4+4+4+4+4+4+4+4+4+4+4+4+5+5+5+1+1
i7_4770k,508.namd_r,1082844081,1065208227,17635854,1.629,5038815.43,58468694.99,301.629,31,3.97,123,26390,1035,17.858,15.132,82.469,6.594,4.068,0.08,4+4+4+4+4+4+4+4+4+4+4+5+4+5+4+4+4+4+4+4+4+4+4+4+4+4+5+5+5+1+1
atom_e3845,508.namd_r,1636554747,1593087356,43467391,2.656,22757796.34,144108792.59,301.629,31,3.97,123,26390,1035,17.858,15.132,82.469,6.594,4.068,0.08,4+4+4+4+4+4+4+4+4+4+4+5+4+5+4+4+4+4+4+4+4+4+4+4+4+4+5+5+5+1+1
gainestown,508.namd_r,1210693189,1194880952,15812237,1.306,5647227.5,52422800.86,301.629,31,3.97,123,26390,1035,17.858,15.132,82.469,6.594,4.068,0.08,4+4+4+4+4+4+4+4+4+4+4+5+4+5+4+4+4+4+4+4+4+4+4+4+4+4+5+5+5+1+1
atom_d510,641.leela_s,2833905575,2818579280,15326295,0.541,9177422.16,36987426.54,414.365,4,1.0,4,150,20,0.102,0.292,0.469,2.904,0.43,6.195,1+1+1+1
atom_c2750,641.leela_s,2568814450,2554253200,14561250,0.567,6067187.5,35141119.54,414.365,4,1.0,4,150,20,0.102,0.292,0.469,2.904,0.43,6.195,1+1+1+1
i7_4770k,641.leela_s,2477666625,2466062346,11604279,0.468,3315508.29,28004969.05,414.365,4,1.0,4,150,20,0.102,0.292,0.469,2.904,0.43,6.195,1+1+1+1
atom_e3845,641.leela_s,2571058982,2556499020,14559962,0.566,7623016.75,35138011.17,414.365,4,1.0,4,150,20,0.102,0.292,0.469,2.904,0.43,6.195,1+1+1+1
gainestown,641.leela_s,2210051457,2198984505,11066952,0.501,3952482.86,26708221.01,414.365,4,1.0,4,150,20,0.102,0.292,0.469,2.904,0.43,6.195,1+1+1+1
atom_d510,649.fotonik3d_s,2915062789,2920594586,-5531797,-0.19,-3312453.29,-11325438.13,488.44,10,1.0,10,199,0,0.135,0.0,0.622,2.866,0.392,4.609,1+1+1+1+1+1+1+1+1+1
atom_c2750,649.fotonik3d_s,3412456150,3432412360,-19956210,-0.585,-8315087.5,-40857034.64,488.44,10,1.0,10,199,0,0.135,0.0,0.622,2.866,0.392,4.609,1+1+1+1+1+1+1+1+1+1
i7_4770k,649.fotonik3d_s,1984798740,1990152252,-5353512,-0.27,-1529574.86,-10960429.12,488.44,10,1.0,10,199,0,0.135,0.0,0.622,2.866,0.392,4.609,1+1+1+1+1+1+1+1+1+1
atom_e3845,649.fotonik3d_s,3381833410,3365417509,16415901,0.485,8594712.57,33608838.34,488.44,10,1.0,10,199,0,0.135,0.0,0.622,2.866,0.392,4.609,1+1+1+1+1+1+1+1+1+1
gainestown,649.fotonik3d_s,3724056159,3736376071,-12319912,-0.331,-4399968.57,-25222979.28,488.44,10,1.0,10,199,0,0.135,0.0,0.622,2.866,0.392,4.609,1+1+1+1+1+1+1+1+1+1
atom_d510,510.parest_r,4297553807,4271289804,26264003,0.611,15726947.9,61991797.84,423.669,10,1.0,10,307,20,0.208,0.292,0.959,2.942,0.467,3.067,1+1+1+1+1+1+1+1+1+1
atom_c2750,510.parest_r,2441923285,2415587294,26335991,1.078,10973329.58,62161713.51,423.669,10,1.0,10,307,20,0.208,0.292,0.959,2.942,0.467,3.067,1+1+1+1+1+1+1+1+1+1
i7_4770k,510.parest_r,1648985121,1626344774,22640347,1.373,6468670.57,53438762.34,423.669,10,1.0,10,307,20,0.208,0.292,0.959,2.942,0.467,3.067,1+1+1+1+1+1+1+1+1+1
atom_e3845,510.parest_r,3028637632,3002123169,26514463,0.875,13881917.8,62582966.89,423.669,10,1.0,10,307,20,0.208,0.292,0.959,2.942,0.467,3.067,1+1+1+1+1+1+1+1+1+1
gainestown,510.parest_r,1631100484,1608069062,23031422,1.412,8225507.86,54361829.64,423.669,10,1.0,10,307,20,0.208,0.292,0.959,2.942,0.467,3.067,1+1+1+1+1+1+1+1+1+1
atom_d510,526.blender_r,3997758109,3940323307,57434802,1.437,34392097.01,65494786.97,876.937,6,1.0,6,68,0,0.046,0.0,0.212,2.778,0.305,13.073,1+1+1+1+1+1
atom_c2750,526.blender_r,2897352877,2837555113,59797764,2.064,24915735.0,68189349.98,876.937,6,1.0,6,68,0,0.046,0.0,0.212,2.778,0.305,13.073,1+1+1+1+1+1
i7_4770k,526.blender_r,2530488146,2484513196,45974950,1.817,13135700.0,52426742.17,876.937,6,1.0,6,68,0,0.046,0.0,0.212,2.778,0.305,13.073,1+1+1+1+1+1
atom_e3845,526.blender_r,2822526765,2762705399,59821366,2.119,31320086.91,68216264.11,876.937,6,1.0,6,68,0,0.046,0.0,0.212,2.778,0.305,13.073,1+1+1+1+1+1
gainestown,526.blender_r,2329867793,2283465527,46402266,1.992,16572237.86,52914024.61,876.937,6,1.0,6,68,0,0.046,0.0,0.212,2.778,0.305,13.073,1+1+1+1+1+1
atom_d510,627.cam4_s,2941715389,2836741031,104974358,3.568,62858897.01,238011726.64,441.047,12,1.92,23,6847,76,4.633,1.111,21.397,5.555,3.044,0.26,1+6+7+1+1+1+1+1+1+1+1+1
atom_c2750,627.cam4_s,2569448765,2464963263,104485502,4.066,43535625.83,236903327.76,441.047,12,1.92,23,6847,76,4.633,1.111,21.397,5.555,3.044,0.26,1+6+7+1+1+1+1+1+1+1+1+1
i7_4770k,627.cam4_s,2207961974,2100169796,107792178,4.882,30797765.14,244400660.25,441.047,12,1.92,23,6847,76,4.633,1.111,21.397,5.555,3.044,0.26,1+6+7+1+1+1+1+1+1+1+1+1
atom_e3845,627.cam4_s,2562130295,2457651701,104478594,4.078,54700834.55,236887665.03,441.047,12,1.92,23,6847,76,4.633,1.111,21.397,5.555,3.044,0.26,1+6+7+1+1+1+1+1+1+1+1+1
gainestown,627.cam4_s,2293244497,2180143737,113100760,4.932,40393128.57,256436978.37,441.047,12,1.92,23,6847,76,4.633,1.111,21.397,5.555,3.044,0.26,1+6+7+1+1+1+1+1+1+1+1+1
atom_d510,525.x264_r,4606783164,4594554458,12228706,0.265,7322578.44,29768752.89,410.79,36,1.39,50,1006,80,0.681,1.17,3.144,3.318,0.838,1.055,1+1+1+1+1+1+1+1+1+1+8+1+1+1+1+1+1+1+1+1+8+1+1+1+1+1+1+1+1+1+1+1+1+1+1+1
atom_c2750,525.x264_r,4326928294,4314769514,12158780,0.281,5066158.33,29598529.66,410.79,36,1.39,50,1006,80,0.681,1.17,3.144,3.318,0.838,1.055,1+1+1+1+1+1+1+1+1+1+8+1+1+1+1+1+1+1+1+1+8+1+1+1+1+1+1+1+1+1+1+1+1+1+1+1
i7_4770k,525.x264_r,2931955749,2926689566,5266183,0.18,1504623.71,12819647.51,410.79,36,1.39,50,1006,80,0.681,1.17,3.144,3.318,0.838,1.055,1+1+1+1+1+1+1+1+1+1+8+1+1+1+1+1+1+1+1+1+8+1+1+1+1+1+1+1+1+1+1+1+1+1+1+1
atom_e3845,525.x264_r,4291054096,4278896097,12157999,0.283,6365444.5,29596628.45,410.79,36,1.39,50,1006,80,0.681,1.17,3.144,3.318,0.838,1.055,1+1+1+1+1+1+1+1+1+1+8+1+1+1+1+1+1+1+1+1+8+1+1+1+1+1+1+1+1+1+1+1+1+1+1+1
gainestown,525.x264_r,2767892348,2762578263,5314085,0.192,1897887.5,12936256.97,410.79,36,1.39,50,1006,80,0.681,1.17,3.144,3.318,0.838,1.055,1+1+1+1+1+1+1+1+1+1+8+1+1+1+1+1+1+1+1+1+8+1+1+1+1+1+1+1+1+1+1+1+1+1+1+1
atom_d510,631.deepsjeng_s,663742899,653118966,10623933,1.601,6361636.53,24969758.29,425.472,18,1.0,18,420,10,0.284,0.146,1.312,2.996,0.52,2.283,1+1+1+1+1+1+1+1+1+1+1+1+1+1+1+1+1+1
atom_c2750,631.deepsjeng_s,588932832,578318304,10614528,1.802,4422720.0,24947653.43,425.472,18,1.0,18,420,10,0.284,0.146,1.312,2.996,0.52,2.283,1+1+1+1+1+1+1+1+1+1+1+1+1+1+1+1+1+1
i7_4770k,631.deepsjeng_s,512063650,503393940,8669710,1.693,2477060.0,20376687.54,425.472,18,1.0,18,420,10,0.284,0.146,1.312,2.996,0.52,2.283,1+1+1+1+1+1+1+1+1+1+1+1+1+1+1+1+1+1
atom_e3845,631.deepsjeng_s,560195436,549580726,10614710,1.895,5557439.79,24948081.19,425.472,18,1.0,18,420,10,0.284,0.146,1.312,2.996,0.52,2.283,1+1+1+1+1+1+1+1+1+1+1+1+1+1+1+1+1+1
gainestown,631.deepsjeng_s,531806671,522945626,8861045,1.666,3164658.93,20826388.11,425.472,18,1.0,18,420,10,0.284,0.146,1.312,2.996,0.52,2.283,1+1+1+1+1+1+1+1+1+1+1+1+1+1+1+1+1+1
atom_d510,500.perlbench_r,5525186338,5480155153,45031185,0.815,26964781.44,44956153.18,1001.669,12,1.67,20,113,0,0.076,0.0,0.353,2.863,0.389,8.108,1+1+1+1+5+5+1+1+1+1+1+1
atom_c2750,500.perlbench_r,4822231857,4777727282,44504575,0.923,18543572.92,44430420.63,1001.669,12,1.67,20,113,0,0.076,0.0,0.353,2.863,0.389,8.108,1+1+1+1+5+5+1+1+1+1+1+1
i7_4770k,500.perlbench_r,3853715211,3819233336,34481875,0.895,9851964.29,34424420.64,1001.669,12,1.67,20,113,0,0.076,0.0,0.353,2.863,0.389,8.108,1+1+1+1+5+5+1+1+1+1+1+1
atom_e3845,500.perlbench_r,4712603606,4667962848,44640758,0.947,23372124.61,44566376.72,1001.669,12,1.67,20,113,0,0.076,0.0,0.353,2.863,0.389,8.108,1+1+1+1+5+5+1+1+1+1+1+1
gainestown,500.perlbench_r,3720023007,3684725827,35297180,0.949,12606135.71,35238367.17,1001.669,12,1.67,20,113,0,0.076,0.0,0.353,2.863,0.389,8.108,1+1+1+1+5+5+1+1+1+1+1+1
atom_d510,505.mcf_r,17154123346,17096134904,57988442,0.338,34723617.96,142438897.5,407.111,13,1.0,13,266,10,0.18,0.146,0.831,2.917,0.443,3.509,1+1+1+1+1+1+1+1+1+1+1+1+1
atom_c2750,505.mcf_r,7777136554,7696388023,80748531,1.038,33645221.25,198345244.91,407.111,13,1.0,13,266,10,0.18,0.146,0.831,2.917,0.443,3.509,1+1+1+1+1+1+1+1+1+1+1+1+1
i7_4770k,505.mcf_r,4941006125,4866563162,74442963,1.507,21269418.0,182856673.0,407.111,13,1.0,13,266,10,0.18,0.146,0.831,2.917,0.443,3.509,1+1+1+1+1+1+1+1+1+1+1+1+1
atom_e3845,505.mcf_r,10079536258,10013486357,66049901,0.655,34581100.0,162240521.63,407.111,13,1.0,13,266,10,0.18,0.146,0.831,2.917,0.443,3.509,1+1+1+1+1+1+1+1+1+1+1+1+1
gainestown,505.mcf_r,5272633608,5193890483,78743125,1.493,28122544.64,193419300.88,407.111,13,1.0,13,266,10,0.18,0.146,0.831,2.917,0.443,3.509,1+1+1+1+1+1+1+1+1+1+1+1+1
atom_d510,502.gcc_r,21716173687,21657264394,58909293,0.271,35275025.75,124141615.02,474.533,40,1.0,40,1060,0,0.717,0.0,3.312,3.153,0.676,0.952,1+1+1+1+1+1+1+1+1+1+1+1+1+1+1+1+1+1+1+1+1+1+1+1+1+1+1+1+1+1+1+1+1+1+1+1+1+1+1+1
atom_c2750,502.gcc_r,13581961425,13521771905,60189520,0.443,25078966.67,126839482.19,474.533,40,1.0,40,1060,0,0.717,0.0,3.312,3.153,0.676,0.952,1+1+1+1+1+1+1+1+1+1+1+1+1+1+1+1+1+1+1+1+1+1+1+1+1+1+1+1+1+1+1+1+1+1+1+1+1+1+1+1
i7_4770k,502.gcc_r,12869668250,12818719275,50948975,0.396,14556850.0,107366558.28,474.533,40,1.0,40,1060,0,0.717,0.0,3.312,3.153,0.676,0.952,1+1+1+1+1+1+1+1+1+1+1+1+1+1+1+1+1+1+1+1+1+1+1+1+1+1+1+1+1+1+1+1+1+1+1+1+1+1+1+1
atom_e3845,502.gcc_r,14193007867,14133588583,59419284,0.419,31109572.77,125216336.9,474.533,40,1.0,40,1060,0,0.717,0.0,3.312,3.153,0.676,0.952,1+1+1+1+1+1+1+1+1+1+1+1+1+1+1+1+1+1+1+1+1+1+1+1+1+1+1+1+1+1+1+1+1+1+1+1+1+1+1+1
gainestown,502.gcc_r,11756045938,11703627593,52418345,0.446,18720837.5,110463013.11,474.533,40,1.0,40,1060,0,0.717,0.0,3.312,3.153,0.676,0.952,1+1+1+1+1+1+1+1+1+1+1+1+1+1+1+1+1+1+1+1+1+1+1+1+1+1+1+1+1+1+1+1+1+1+1+1+1+1+1+1
atom_d510,648.exchange2_s,2072586841,2065692581,6894260,0.333,4128299.4,9709418.51,710.059,3,1.0,3,53,10,0.036,0.146,0.166,2.837,0.363,17.129,1+1+1
atom_c2750,648.exchange2_s,2020670097,2013776274,6893823,0.341,2872426.25,9708803.07,710.059,3,1.0,3,53,10,0.036,0.146,0.166,2.837,0.363,17.129,1+1+1
i7_4770k,648.exchange2_s,1662983995,1657969766,5014229,0.302,1432636.86,7061707.55,710.059,3,1.0,3,53,10,0.036,0.146,0.166,2.837,0.363,17.129,1+1+1
atom_e3845,648.exchange2_s,2019693612,2012799708,6893904,0.341,3609373.82,9708917.15,710.059,3,1.0,3,53,10,0.036,0.146,0.166,2.837,0.363,17.129,1+1+1
gainestown,648.exchange2_s,1614524352,1609596058,4928294,0.305,1760105.0,6940682.39,710.059,3,1.0,3,53,10,0.036,0.146,0.166,2.837,0.363,17.129,1+1+1
