benchmark,input,region,cpu_only_cycles,fpga_custom_cycles,cpu_only_ipc,fpga_custom_ipc,cycle_reduction_%
500.perlbench_r,1,region_1,88074684,87651428,1.36,1.37,0.48
500.perlbench_r,1,region_2,100228205,99864732,1.20,1.20,0.36
500.perlbench_r,1,region_3,76007304,75533433,1.58,1.59,0.62
500.perlbench_r,1,region_4,77006234,76508297,1.56,1.57,0.65
500.perlbench_r,1,region_5,117159400,116816937,1.01,1.01,0.29
500.perlbench_r,1,region_6,80347397,79985834,1.49,1.50,0.45
500.perlbench_r,1,region_7,92403126,91985791,1.30,1.30,0.45
500.perlbench_r,1,region_8,109163758,108793982,1.10,1.10,0.34
500.perlbench_r,1,region_9,1476430,1477576,0.76,0.76,-0.08
500.perlbench_r,1,region_10,105797956,105387497,1.13,1.14,0.39
500.perlbench_r,1,region_11,93276569,92952060,1.29,1.29,0.35
500.perlbench_r,1,region_12,87212892,86947211,1.01,1.01,0.30
500.perlbench_r,1,region_13,102209639,101822100,1.17,1.18,0.38
500.perlbench_r,1,region_14,105526354,105127737,1.14,1.14,0.38
500.perlbench_r,1,region_15,94612805,94222592,1.27,1.27,0.41
500.perlbench_r,1,region_16,93690848,93284782,1.28,1.29,0.43
500.perlbench_r,1,region_17,53838889,53676730,1.00,1.00,0.30
500.perlbench_r,1,average,86943088,86590513,1.21,1.22,0.38

500.perlbench_r,2,region_1,161935530,161926935,0.74,0.74,0.01
500.perlbench_r,2,region_2,169825740,168694065,0.71,0.71,0.67
500.perlbench_r,2,region_3,105065471,105033574,1.14,1.14,0.03
500.perlbench_r,2,region_4,103999309,103757312,1.15,1.16,0.23
500.perlbench_r,2,region_5,103519708,103281531,1.16,1.16,0.23
500.perlbench_r,2,region_6,114629032,114394675,1.05,1.05,0.20
500.perlbench_r,2,region_7,155857146,154912460,0.77,0.77,0.61
500.perlbench_r,2,region_8,9954156,9942505,0.65,0.65,0.12
500.perlbench_r,2,region_9,117337221,117095606,1.02,1.02,0.21
500.perlbench_r,2,region_10,114341195,114110467,1.05,1.05,0.20
500.perlbench_r,2,region_11,114353037,114118298,1.05,1.05,0.21
500.perlbench_r,2,region_12,102357473,102118341,1.17,1.18,0.23
500.perlbench_r,2,region_13,110365339,109762925,1.09,1.09,0.55
500.perlbench_r,2,region_14,104739434,104493044,1.15,1.15,0.24
500.perlbench_r,2,region_15,65769131,44536998,1.82,2.69,32.28
500.perlbench_r,2,average,110269928,108545249,1.05,1.11,2.40

500.perlbench_r,3,region_1,103904955,103625713,1.15,1.16,0.27
500.perlbench_r,3,region_2,104506414,104234430,1.15,1.15,0.26
500.perlbench_r,3,region_3,95688517,95411567,1.16,1.16,0.29
500.perlbench_r,3,region_4,113594194,113369960,1.06,1.06,0.20
500.perlbench_r,3,region_5,10807926,10782332,0.99,1.00,0.24
500.perlbench_r,3,region_6,104343491,104080102,1.15,1.15,0.25
500.perlbench_r,3,region_7,166808704,166489925,0.72,0.72,0.19
500.perlbench_r,3,region_8,757888,759416,0.84,0.84,-0.20
500.perlbench_r,3,region_9,105178352,104892234,1.14,1.14,0.27
500.perlbench_r,3,region_10,105947509,105678390,1.13,1.14,0.25
500.perlbench_r,3,region_11,124449106,119408043,0.96,1.00,4.05
500.perlbench_r,3,region_12,132370067,129965377,0.91,0.92,1.82
500.perlbench_r,3,region_13,104824620,104544232,1.14,1.15,0.27
500.perlbench_r,3,region_14,17906823,17860601,1.07,1.07,0.26
500.perlbench_r,3,average,92220612,91507309,1.04,1.05,0.60

502.gcc_r,1,region_1,131770327,130688503,0.91,0.92,0.82
502.gcc_r,1,region_2,175442668,175148719,0.68,0.69,0.17
502.gcc_r,1,region_3,136184146,135277469,0.85,0.85,0.67
502.gcc_r,1,region_4,146004411,145141664,0.82,0.82,0.59
502.gcc_r,1,region_5,88153376,87521548,0.85,0.86,0.72
502.gcc_r,1,region_6,225016527,224671963,0.53,0.53,0.15
502.gcc_r,1,region_7,201392119,200470926,0.60,0.60,0.46
502.gcc_r,1,region_8,236612901,235579400,0.51,0.51,0.44
502.gcc_r,1,region_9,137758941,136170585,0.87,0.88,1.15
502.gcc_r,1,region_10,134910940,134002353,0.89,0.90,0.67
502.gcc_r,1,region_11,142876213,141259207,0.84,0.85,1.13
502.gcc_r,1,region_12,179733674,178716026,0.67,0.67,0.57
502.gcc_r,1,region_13,211920803,211657796,0.57,0.57,0.12
502.gcc_r,1,region_14,130290077,129524358,0.92,0.93,0.59
502.gcc_r,1,region_15,159138908,158606018,0.75,0.76,0.33
502.gcc_r,1,region_16,143441764,142590859,0.84,0.84,0.59
502.gcc_r,1,region_17,147964262,147045743,0.81,0.82,0.62
502.gcc_r,1,region_18,100855449,99868743,1.19,1.20,0.98
502.gcc_r,1,region_19,128435085,128352955,0.93,0.93,0.06
502.gcc_r,1,region_20,129587770,129569816,0.93,0.93,0.01
502.gcc_r,1,average,154374518,153593233,0.80,0.80,0.54

502.gcc_r,2,region_1,135468278,135465031,0.89,0.89,0.00
502.gcc_r,2,region_2,112865529,111885126,1.06,1.07,0.87
502.gcc_r,2,region_3,245545207,243468846,0.49,0.49,0.85
502.gcc_r,2,region_4,345390648,343391260,0.35,0.35,0.58
502.gcc_r,2,region_5,137327472,136447153,0.85,0.85,0.64
502.gcc_r,2,region_6,106933260,105923443,1.12,1.13,0.94
502.gcc_r,2,region_7,138683763,138682617,0.87,0.87,0.00
502.gcc_r,2,region_8,180778826,179351865,0.66,0.67,0.79
502.gcc_r,2,region_9,132644725,132247063,0.90,0.91,0.30
502.gcc_r,2,region_10,204141182,204062299,0.59,0.59,0.04
502.gcc_r,2,region_11,165915015,165914251,0.72,0.72,0.00
502.gcc_r,2,region_12,127566608,126350320,0.94,0.95,0.95
502.gcc_r,2,region_13,193842462,193845900,0.62,0.62,-0.00
502.gcc_r,2,average,171315613,170541167,0.77,0.78,0.66

502.gcc_r,3,region_1,52748852,52683530,0.69,0.69,0.12
502.gcc_r,3,region_2,131854367,131542273,0.91,0.91,0.24
502.gcc_r,3,region_3,185608070,185059709,0.65,0.65,0.30
502.gcc_r,3,region_4,113829888,113529636,0.88,0.88,0.26
502.gcc_r,3,region_5,331584404,331373349,0.36,0.36,0.06
502.gcc_r,3,region_6,254777001,253951308,0.47,0.47,0.32
502.gcc_r,3,region_7,183800255,180076710,0.65,0.67,2.03
502.gcc_r,3,region_8,297963247,297676556,0.36,0.36,0.10
502.gcc_r,3,region_9,208771977,208528261,0.57,0.58,0.12
502.gcc_r,3,region_10,266303087,262769014,0.45,0.46,1.33
502.gcc_r,3,region_11,309625516,309253257,0.39,0.39,0.12
502.gcc_r,3,region_12,139978170,139179217,0.86,0.86,0.57
502.gcc_r,3,region_13,132614547,132471679,0.90,0.91,0.11
502.gcc_r,3,region_14,200266556,200252995,0.60,0.60,0.01
502.gcc_r,3,region_15,77993131,77992558,1.54,1.54,0.00
502.gcc_r,3,region_16,23649238,23586017,0.79,0.79,0.27
502.gcc_r,3,region_17,98730956,98315340,0.92,0.92,0.42
502.gcc_r,3,average,177064662,176367142,0.71,0.71,0.40

502.gcc_r,4,region_1,125703021,125636171,0.95,0.96,0.05
502.gcc_r,4,region_2,254127028,253592992,0.47,0.47,0.21
502.gcc_r,4,region_3,229467782,229055031,0.52,0.52,0.18
502.gcc_r,4,region_4,159258092,159000624,0.75,0.75,0.16
502.gcc_r,4,region_5,8735767,8737677,0.74,0.74,-0.02
502.gcc_r,4,region_6,326516219,325984284,0.37,0.37,0.16
502.gcc_r,4,region_7,100318739,100315874,1.20,1.20,0.00
502.gcc_r,4,region_8,260622365,259702318,0.46,0.46,0.35
502.gcc_r,4,region_9,144062323,143268145,0.83,0.84,0.55
502.gcc_r,4,region_10,438100711,435648462,0.27,0.28,0.56
502.gcc_r,4,region_11,255660376,255628479,0.47,0.47,0.01
502.gcc_r,4,region_12,333734873,330401159,0.36,0.36,1.00
502.gcc_r,4,region_13,204118644,204109667,0.59,0.59,0.00
502.gcc_r,4,region_14,105372981,104277787,1.14,1.15,1.04
502.gcc_r,4,region_15,160438281,160431214,0.75,0.75,0.00
502.gcc_r,4,region_16,135272312,135272121,0.89,0.89,0.00
502.gcc_r,4,region_17,123970842,121622497,0.97,0.99,1.89
502.gcc_r,4,region_18,413836071,412279994,0.29,0.29,0.38
502.gcc_r,4,region_19,319115733,317754858,0.38,0.38,0.43
502.gcc_r,4,average,215706956,214879966,0.65,0.66,0.46

502.gcc_r,5,region_1,202492852,202478336,0.59,0.59,0.01
502.gcc_r,5,region_2,143859672,142475686,0.83,0.84,0.96
502.gcc_r,5,region_3,157596201,157552462,0.76,0.76,0.03
502.gcc_r,5,region_4,138573747,138573365,0.87,0.87,0.00
502.gcc_r,5,region_5,159038633,158965862,0.75,0.75,0.05
502.gcc_r,5,region_6,139053539,139022024,0.86,0.86,0.02
502.gcc_r,5,region_7,162682722,162646241,0.74,0.74,0.02
502.gcc_r,5,region_8,105378138,105374127,1.14,1.14,0.00
502.gcc_r,5,region_9,153639636,153601818,0.78,0.78,0.02
502.gcc_r,5,region_10,142545783,142090057,0.84,0.84,0.32
502.gcc_r,5,region_11,149625580,149540012,0.80,0.80,0.06
502.gcc_r,5,region_12,150600253,150594141,0.80,0.80,0.00
502.gcc_r,5,region_13,142634598,142582837,0.84,0.84,0.04
502.gcc_r,5,region_14,151781588,151753893,0.79,0.79,0.02
502.gcc_r,5,region_15,160976710,160929915,0.75,0.75,0.03
502.gcc_r,5,region_16,335307758,334682615,0.36,0.36,0.19
502.gcc_r,5,average,162236713,162053962,0.78,0.78,0.14

503.bwaves_r,1,region_1,241032832,240756646,0.50,0.50,0.11
503.bwaves_r,1,region_2,239204007,238873768,0.50,0.50,0.14
503.bwaves_r,1,region_3,236062821,235748435,0.51,0.51,0.13
503.bwaves_r,1,region_4,210783398,210413049,0.57,0.57,0.18
503.bwaves_r,1,region_5,291789936,291560927,0.41,0.41,0.08
503.bwaves_r,1,region_6,242959067,242663590,0.49,0.49,0.12
503.bwaves_r,1,region_7,297021235,296978451,0.40,0.40,0.01
503.bwaves_r,1,region_8,226327169,225994638,0.53,0.53,0.15
503.bwaves_r,1,region_9,110230493,105259145,1.09,1.14,4.51
503.bwaves_r,1,region_10,215453730,215103054,0.56,0.56,0.16
503.bwaves_r,1,region_11,256861575,256581760,0.47,0.47,0.11
503.bwaves_r,1,region_12,226706113,223739310,0.53,0.54,1.31
503.bwaves_r,1,region_13,331537418,330268414,0.36,0.36,0.38
503.bwaves_r,1,region_14,169199069,165426055,0.71,0.73,2.23
503.bwaves_r,1,region_15,238411548,238081691,0.50,0.50,0.14
503.bwaves_r,1,region_16,202140839,201763423,0.59,0.59,0.19
503.bwaves_r,1,region_17,224670435,223554613,0.53,0.54,0.50
503.bwaves_r,1,region_18,206599161,206229576,0.58,0.58,0.18
503.bwaves_r,1,region_19,213270600,212912475,0.56,0.56,0.17
503.bwaves_r,1,region_20,257502380,257226003,0.47,0.47,0.11
503.bwaves_r,1,region_21,287109863,286869776,0.42,0.42,0.08
503.bwaves_r,1,region_22,238864409,238536271,0.50,0.50,0.14
503.bwaves_r,1,region_23,239073554,238743315,0.50,0.50,0.14
503.bwaves_r,1,region_24,239719898,237075503,0.50,0.51,1.10
503.bwaves_r,1,average,235105481,234181662,0.53,0.54,0.52

503.bwaves_r,2,region_1,238854477,238529586,0.50,0.50,0.14
503.bwaves_r,2,region_2,307423286,307402658,0.39,0.39,0.01
503.bwaves_r,2,region_3,210659821,210301505,0.57,0.57,0.17
503.bwaves_r,2,region_4,268956650,266026519,0.45,0.45,1.09
503.bwaves_r,2,region_5,229996852,229680938,0.52,0.52,0.14
503.bwaves_r,2,region_6,210395668,210024555,0.57,0.57,0.18
503.bwaves_r,2,region_7,224993225,224659166,0.53,0.53,0.15
503.bwaves_r,2,region_8,171185278,167242274,0.70,0.72,2.30
503.bwaves_r,2,region_9,109606114,104897773,1.09,1.14,4.30
503.bwaves_r,2,region_10,237606865,237295726,0.51,0.51,0.13
503.bwaves_r,2,region_11,227280450,224303142,0.53,0.53,1.31
503.bwaves_r,2,region_12,202208071,201830082,0.59,0.59,0.19
503.bwaves_r,2,region_13,197144661,195401404,0.61,0.61,0.88
503.bwaves_r,2,region_14,140275557,136332362,0.86,0.88,2.81
503.bwaves_r,2,region_15,286541638,286296585,0.42,0.42,0.09
503.bwaves_r,2,region_16,238455096,235733155,0.50,0.51,1.14
503.bwaves_r,2,region_17,258302479,258022855,0.46,0.47,0.11
503.bwaves_r,2,region_18,214917593,214564243,0.56,0.56,0.16
503.bwaves_r,2,region_19,239042230,238716193,0.50,0.50,0.14
503.bwaves_r,2,region_20,202226980,201849946,0.59,0.59,0.19
503.bwaves_r,2,region_21,291973678,291740658,0.41,0.41,0.08
503.bwaves_r,2,region_22,224583148,224239348,0.53,0.54,0.15
503.bwaves_r,2,region_23,297329700,297120746,0.40,0.40,0.07
503.bwaves_r,2,region_24,291440597,291207386,0.41,0.41,0.08
503.bwaves_r,2,average,230058338,228892450,0.55,0.55,0.67

503.bwaves_r,3,region_1,237778383,237445088,0.50,0.51,0.14
503.bwaves_r,3,region_2,202332985,200761437,0.59,0.60,0.78
503.bwaves_r,3,region_3,210099045,209728314,0.57,0.57,0.18
503.bwaves_r,3,region_4,225043267,221535170,0.53,0.54,1.56
503.bwaves_r,3,region_5,278876235,278625643,0.43,0.43,0.09
503.bwaves_r,3,region_6,238313374,237982371,0.50,0.50,0.14
503.bwaves_r,3,region_7,246091276,243534932,0.49,0.49,1.04
503.bwaves_r,3,region_8,166318789,163331167,0.72,0.73,1.80
503.bwaves_r,3,region_9,160236012,156291098,0.75,0.77,2.46
503.bwaves_r,3,region_10,238218256,237883433,0.50,0.50,0.14
503.bwaves_r,3,region_11,278993318,278745400,0.43,0.43,0.09
503.bwaves_r,3,region_12,224415068,224101255,0.53,0.54,0.14
503.bwaves_r,3,region_13,221548540,221194235,0.54,0.54,0.16
503.bwaves_r,3,region_14,193401252,189576095,0.62,0.63,1.98
503.bwaves_r,3,region_15,219281179,218916942,0.55,0.55,0.17
503.bwaves_r,3,region_16,251933584,248968691,0.48,0.48,1.18
503.bwaves_r,3,region_17,238239839,237903870,0.50,0.50,0.14
503.bwaves_r,3,region_18,278497864,278250328,0.43,0.43,0.09
503.bwaves_r,3,region_19,263457951,263178518,0.46,0.46,0.11
503.bwaves_r,3,region_20,233073289,232737320,0.51,0.52,0.14
503.bwaves_r,3,region_21,238704924,238629479,0.50,0.50,0.03
503.bwaves_r,3,region_22,248812262,248506471,0.48,0.48,0.12
503.bwaves_r,3,region_23,134759859,130244619,0.89,0.92,3.35
503.bwaves_r,3,average,227322894,226003125,0.54,0.55,0.70

503.bwaves_r,4,region_1,250155565,247482711,0.48,0.48,1.07
503.bwaves_r,4,region_2,271876849,271618235,0.44,0.44,0.10
503.bwaves_r,4,region_3,254360430,254073930,0.47,0.47,0.11
503.bwaves_r,4,region_4,245722264,245394890,0.49,0.49,0.13
503.bwaves_r,4,region_5,326393215,325092314,0.37,0.37,0.40
503.bwaves_r,4,region_6,205058555,204683049,0.59,0.59,0.18
503.bwaves_r,4,region_7,168556163,166053490,0.71,0.72,1.48
503.bwaves_r,4,region_8,286632363,286405646,0.42,0.42,0.08
503.bwaves_r,4,region_9,373306253,373286389,0.32,0.32,0.01
503.bwaves_r,4,region_10,225241525,224048730,0.53,0.54,0.53
503.bwaves_r,4,region_11,242804357,242523778,0.49,0.49,0.12
503.bwaves_r,4,region_12,240922816,240601936,0.50,0.50,0.13
503.bwaves_r,4,region_13,219089224,218720021,0.55,0.55,0.17
503.bwaves_r,4,region_14,214654586,214289394,0.56,0.56,0.17
503.bwaves_r,4,region_15,245672222,245345612,0.49,0.49,0.13
503.bwaves_r,4,region_16,226720629,226374155,0.53,0.53,0.15
503.bwaves_r,4,region_17,298759526,298606726,0.40,0.40,0.05
503.bwaves_r,4,region_18,247472970,244529087,0.48,0.49,1.19
503.bwaves_r,4,region_19,286650317,286420926,0.42,0.42,0.08
503.bwaves_r,4,region_20,198575633,194257505,0.60,0.62,2.17
503.bwaves_r,4,region_21,286610398,286381580,0.42,0.42,0.08
503.bwaves_r,4,average,253106470,252199529,0.49,0.49,0.41

505.mcf_r,1,region_1,206442350,196096071,0.58,0.61,5.01
505.mcf_r,1,region_2,661815000,658749450,0.18,0.18,0.46
505.mcf_r,1,region_3,147456775,145981300,0.81,0.82,1.00
505.mcf_r,1,region_4,225581696,224293783,0.53,0.54,0.57
505.mcf_r,1,region_5,811713137,806150644,0.15,0.15,0.69
505.mcf_r,1,region_6,634973006,631861425,0.19,0.19,0.49
505.mcf_r,1,region_7,253475527,246867882,0.47,0.49,2.61
505.mcf_r,1,region_8,144054301,142583219,0.83,0.84,1.02
505.mcf_r,1,region_9,270681953,269602230,0.44,0.45,0.40
505.mcf_r,1,region_10,314194427,313267695,0.38,0.38,0.29
505.mcf_r,1,region_11,516047238,515037230,0.23,0.23,0.20
505.mcf_r,1,region_12,589725106,589716893,0.20,0.20,0.00
505.mcf_r,1,region_13,258038326,257171568,0.47,0.47,0.34
505.mcf_r,1,region_14,182543093,181112694,0.66,0.66,0.78
505.mcf_r,1,region_15,406106683,404285116,0.30,0.30,0.45
505.mcf_r,1,region_16,175484306,174108915,0.68,0.69,0.78
505.mcf_r,1,region_17,181397475,179949122,0.66,0.67,0.80
505.mcf_r,1,region_18,318061986,317328928,0.38,0.38,0.23
505.mcf_r,1,region_19,266329063,265769624,0.45,0.45,0.21
505.mcf_r,1,region_20,635058001,632358789,0.19,0.19,0.43
505.mcf_r,1,region_21,164686121,163279788,0.73,0.73,0.85
505.mcf_r,1,region_22,278259305,277275655,0.43,0.43,0.35
505.mcf_r,1,region_23,824860431,820577256,0.15,0.15,0.52
505.mcf_r,1,region_24,192537168,191172855,0.62,0.63,0.71
505.mcf_r,1,region_25,209790389,208396662,0.57,0.58,0.66
505.mcf_r,1,region_26,360978731,360810269,0.33,0.33,0.05
505.mcf_r,1,region_27,492093737,486114482,0.24,0.25,1.22
505.mcf_r,1,region_28,578970469,577656007,0.21,0.21,0.23
505.mcf_r,1,average,367905564,365627698,0.43,0.44,0.79

507.cactuBSSN_r,1,region_1,582109936,581688017,0.21,0.21,0.07
507.cactuBSSN_r,1,region_2,192949728,192436511,0.62,0.62,0.27
507.cactuBSSN_r,1,region_3,486665708,486665517,0.25,0.25,0.00
507.cactuBSSN_r,1,region_4,275747655,273310686,0.44,0.44,0.88
507.cactuBSSN_r,1,region_5,525378352,525370521,0.23,0.23,0.00
507.cactuBSSN_r,1,region_6,414106909,411580743,0.29,0.29,0.61
507.cactuBSSN_r,1,region_7,89573270,89573270,1.34,1.34,0.00
507.cactuBSSN_r,1,region_8,251727304,251722911,0.48,0.48,0.00
507.cactuBSSN_r,1,region_9,517834807,517828313,0.23,0.23,0.00
507.cactuBSSN_r,1,region_10,188274812,188270419,0.64,0.64,0.00
507.cactuBSSN_r,1,region_11,435619239,435618857,0.28,0.28,0.00
507.cactuBSSN_r,1,region_12,232833202,230708900,0.52,0.52,0.91
507.cactuBSSN_r,1,region_13,264041456,263632143,0.45,0.46,0.16
507.cactuBSSN_r,1,region_14,89615481,89615481,1.34,1.34,0.00
507.cactuBSSN_r,1,region_15,398953924,396535291,0.30,0.30,0.61
507.cactuBSSN_r,1,region_16,501338328,501070928,0.24,0.24,0.05
507.cactuBSSN_r,1,region_17,270521322,270409587,0.44,0.44,0.04
507.cactuBSSN_r,1,region_18,293735653,293566427,0.41,0.41,0.06
507.cactuBSSN_r,1,region_19,409802342,409802151,0.29,0.29,0.00
507.cactuBSSN_r,1,region_20,565545652,565131564,0.21,0.21,0.07
507.cactuBSSN_r,1,region_21,228862121,226082116,0.52,0.53,1.21
507.cactuBSSN_r,1,region_22,247442410,247103576,0.48,0.49,0.14
507.cactuBSSN_r,1,region_23,132009268,131933632,0.91,0.91,0.06
507.cactuBSSN_r,1,region_24,125638463,125609622,0.96,0.96,0.02
507.cactuBSSN_r,1,region_25,122342185,122283548,0.98,0.98,0.05
507.cactuBSSN_r,1,average,313706781,313102029,0.52,0.52,0.33

508.namd_r,1,region_1,95941210,95837306,1.25,1.25,0.11
508.namd_r,1,region_2,92927039,90914281,1.29,1.32,2.17
508.namd_r,1,region_3,82347549,80649941,1.46,1.49,2.06
508.namd_r,1,region_4,74710414,70703425,1.61,1.70,5.36
508.namd_r,1,region_5,82710449,80778866,1.45,1.49,2.34
508.namd_r,1,region_6,98291847,96123806,1.22,1.25,2.21
508.namd_r,1,region_7,79257360,78233218,1.51,1.53,1.29
508.namd_r,1,region_8,78226724,74982207,1.53,1.60,4.15
508.namd_r,1,region_9,95115135,95010658,1.26,1.26,0.11
508.namd_r,1,region_10,79641270,75215227,1.51,1.60,5.56
508.namd_r,1,region_11,87741771,87741580,1.37,1.37,0.00
508.namd_r,1,region_12,75320277,71323602,1.59,1.68,5.31
508.namd_r,1,region_13,94671251,92890749,1.27,1.29,1.88
508.namd_r,1,region_14,75044091,71020676,1.60,1.69,5.36
508.namd_r,1,region_15,85145126,85145126,1.41,1.41,0.00
508.namd_r,1,region_16,94214379,94214379,1.27,1.27,0.00
508.namd_r,1,region_17,94990794,94990603,1.26,1.26,0.00
508.namd_r,1,region_18,99264992,99264801,1.21,1.21,0.00
508.namd_r,1,region_19,94769616,93092636,1.27,1.29,1.77
508.namd_r,1,region_20,89332610,89332419,1.34,1.34,0.00
508.namd_r,1,region_21,87819508,87819317,1.37,1.37,0.00
508.namd_r,1,region_22,78765535,75589587,1.52,1.59,4.03
508.namd_r,1,region_23,79294223,74923570,1.51,1.60,5.51
508.namd_r,1,region_24,95404500,93848041,1.26,1.28,1.63
508.namd_r,1,region_25,88113075,88113266,1.36,1.36,-0.00
508.namd_r,1,region_26,96591183,96034418,1.24,1.25,0.58
508.namd_r,1,average,87525074,85915142,1.38,1.41,2.86

510.parest_r,1,region_1,108924244,101946823,1.10,1.18,6.41
510.parest_r,1,region_2,100578308,95258194,1.19,1.26,5.29
510.parest_r,1,region_3,101255212,101228090,1.19,1.19,0.03
510.parest_r,1,region_4,105219799,103976771,1.14,1.15,1.18
510.parest_r,1,region_5,292109479,291795857,0.41,0.41,0.11
510.parest_r,1,region_6,113505379,113441394,1.06,1.06,0.06
510.parest_r,1,region_7,90334787,87042902,1.33,1.38,3.64
510.parest_r,1,region_8,295296696,294990714,0.41,0.41,0.10
510.parest_r,1,region_9,103567840,103538617,1.16,1.16,0.03
510.parest_r,1,region_10,90093936,85851444,1.33,1.40,4.71
510.parest_r,1,region_11,157712329,156425371,0.76,0.77,0.82
510.parest_r,1,region_12,306585369,306319306,0.39,0.39,0.09
510.parest_r,1,region_13,295308920,295008095,0.41,0.41,0.10
510.parest_r,1,region_14,292689164,292528915,0.41,0.41,0.05
510.parest_r,1,region_15,106761742,106761742,1.12,1.12,0.00
510.parest_r,1,region_16,106457288,105543735,1.13,1.14,0.86
510.parest_r,1,region_17,294810028,294511113,0.41,0.41,0.10
510.parest_r,1,average,174188854,172715828,0.88,0.90,1.47

511.povray_r,1,region_1,112221286,111853420,1.07,1.07,0.33
511.povray_r,1,region_2,7920006,7895176,1.09,1.09,0.31
511.povray_r,1,region_3,117152906,116790770,1.02,1.03,0.31
511.povray_r,1,region_4,112789511,112405219,1.06,1.07,0.34
511.povray_r,1,region_5,111090375,110757844,1.08,1.08,0.30
511.povray_r,1,region_6,112381917,111970503,1.07,1.07,0.37
511.povray_r,1,region_7,112039263,111685722,1.07,1.07,0.32
511.povray_r,1,region_8,113204554,112798297,1.06,1.06,0.36
511.povray_r,1,region_9,112493079,112010231,1.07,1.07,0.43
511.povray_r,1,region_10,112587242,112147369,1.07,1.07,0.39
511.povray_r,1,region_11,113387341,113012599,1.06,1.06,0.33
511.povray_r,1,region_12,97827144,97447245,1.23,1.23,0.39
511.povray_r,1,region_13,111801086,111405525,1.07,1.08,0.35
511.povray_r,1,region_14,112741379,112373513,1.06,1.07,0.33
511.povray_r,1,region_15,101963822,101569980,1.18,1.18,0.39
511.povray_r,1,region_16,73025412,72792010,1.05,1.05,0.32
511.povray_r,1,region_17,111432456,111002324,1.08,1.08,0.39
511.povray_r,1,region_18,112590871,112154245,1.07,1.07,0.39
511.povray_r,1,region_19,111803187,111423288,1.07,1.08,0.34
511.povray_r,1,region_20,112985095,112611308,1.06,1.07,0.33
511.povray_r,1,region_21,88043169,87728210,1.06,1.07,0.36
511.povray_r,1,region_22,106900408,106564248,1.12,1.13,0.31
511.povray_r,1,region_23,105523680,105085144,1.14,1.14,0.42
511.povray_r,1,average,103648052,103281921,1.08,1.09,0.35

519.lbm_r,1,region_1,142776511,142153660,0.84,0.84,0.44
519.lbm_r,1,region_2,141857419,141233804,0.85,0.85,0.44
519.lbm_r,1,region_3,139170049,138560377,0.86,0.87,0.44
519.lbm_r,1,region_4,253776925,307516112,0.47,0.39,-21.18
519.lbm_r,1,region_5,139153241,138543187,0.86,0.87,0.44
519.lbm_r,1,region_6,141053309,140429121,0.85,0.85,0.44
519.lbm_r,1,region_7,267319780,329096056,0.45,0.36,-23.11
519.lbm_r,1,region_8,139109311,138494864,0.86,0.87,0.44
519.lbm_r,1,average,170527068,184503398,0.76,0.74,-5.21

520.omnetpp_r,1,region_1,203385777,202318851,0.59,0.59,0.52
520.omnetpp_r,1,region_2,142950703,142757984,0.84,0.84,0.13
520.omnetpp_r,1,region_3,195077659,193992970,0.62,0.62,0.56
520.omnetpp_r,1,region_4,195139925,194034608,0.61,0.62,0.57
520.omnetpp_r,1,region_5,2088967,2089922,0.86,0.86,-0.05
520.omnetpp_r,1,region_6,167186311,166207436,0.72,0.72,0.59
520.omnetpp_r,1,region_7,194750094,193649743,0.62,0.62,0.57
520.omnetpp_r,1,region_8,427818417,424435425,0.28,0.28,0.79
520.omnetpp_r,1,region_9,193843035,192760447,0.62,0.62,0.56
520.omnetpp_r,1,region_10,202633810,201598399,0.59,0.60,0.51
520.omnetpp_r,1,region_11,197600960,196500418,0.61,0.61,0.56
520.omnetpp_r,1,average,192952333,191849655,0.63,0.63,0.48

521.wrf_r,1,region_1,114990786,114916487,1.04,1.04,0.06
521.wrf_r,1,region_2,140779797,140810548,0.85,0.85,-0.02
521.wrf_r,1,region_3,209692215,209706158,0.57,0.57,-0.01
521.wrf_r,1,region_4,296203373,296302502,0.41,0.40,-0.03
521.wrf_r,1,region_5,100659292,100650124,1.19,1.19,0.01
521.wrf_r,1,region_6,175400266,175204491,0.68,0.68,0.11
521.wrf_r,1,region_7,124773424,121226554,0.96,0.99,2.84
521.wrf_r,1,region_8,122063134,120558245,0.98,1.00,1.23
521.wrf_r,1,region_9,116006142,112380198,1.03,1.07,3.13
521.wrf_r,1,region_10,144007506,141201907,0.83,0.85,1.95
521.wrf_r,1,region_11,106585067,103560391,1.13,1.16,2.84
521.wrf_r,1,region_12,308922445,309008968,0.39,0.39,-0.03
521.wrf_r,1,region_13,127505679,127526689,0.94,0.94,-0.02
521.wrf_r,1,region_14,139358566,138565343,0.86,0.87,0.57
521.wrf_r,1,region_15,144919149,141612366,0.83,0.85,2.28
521.wrf_r,1,region_16,333505291,333613397,0.36,0.36,-0.03
521.wrf_r,1,region_17,325304897,325399824,0.37,0.37,-0.03
521.wrf_r,1,region_18,339823953,339961664,0.35,0.35,-0.04
521.wrf_r,1,region_19,168385027,168440990,0.71,0.71,-0.03
521.wrf_r,1,region_20,103754829,103734010,1.16,1.16,0.02
521.wrf_r,1,region_21,218894786,218859069,0.55,0.55,0.02
521.wrf_r,1,region_22,260286587,260322304,0.46,0.46,-0.01
521.wrf_r,1,region_23,331369911,331547732,0.36,0.36,-0.05
521.wrf_r,1,region_24,139351690,139279492,0.86,0.86,0.05
521.wrf_r,1,region_25,350191433,350295910,0.34,0.34,-0.03
521.wrf_r,1,region_26,323074017,323191864,0.37,0.37,-0.04
521.wrf_r,1,average,202531125,201841432,0.71,0.72,0.57

523.xalancbmk_r,1,region_1,314724834,313447999,0.38,0.38,0.41
523.xalancbmk_r,1,region_2,170795447,170719238,0.70,0.70,0.04
523.xalancbmk_r,1,region_3,5590379,5581402,0.70,0.70,0.16
523.xalancbmk_r,1,region_4,98203605,98072961,1.22,1.22,0.13
523.xalancbmk_r,1,region_5,153394774,153304240,0.78,0.78,0.06
523.xalancbmk_r,1,region_6,176297775,176212780,0.68,0.68,0.05
523.xalancbmk_r,1,region_7,173065673,172987554,0.69,0.69,0.05
523.xalancbmk_r,1,region_8,149265354,148833694,0.80,0.81,0.29
523.xalancbmk_r,1,region_9,161023696,160946723,0.75,0.75,0.05
523.xalancbmk_r,1,region_10,167378266,167289833,0.72,0.72,0.05
523.xalancbmk_r,1,region_11,178897667,178811526,0.67,0.67,0.05
523.xalancbmk_r,1,region_12,156760576,156707096,0.77,0.77,0.03
523.xalancbmk_r,1,region_13,299779848,298890552,0.40,0.40,0.30
523.xalancbmk_r,1,region_14,130329805,129952007,0.33,0.33,0.29
523.xalancbmk_r,1,region_15,312059811,310814300,0.38,0.39,0.40
523.xalancbmk_r,1,region_16,164630349,164571521,0.73,0.73,0.04
523.xalancbmk_r,1,region_17,175695552,175608074,0.68,0.68,0.05
523.xalancbmk_r,1,region_18,170722485,170650287,0.70,0.70,0.04
523.xalancbmk_r,1,region_19,181557724,181462797,0.66,0.66,0.05
523.xalancbmk_r,1,region_20,123647288,123608706,0.97,0.97,0.03
523.xalancbmk_r,1,region_21,166282117,166205526,0.72,0.72,0.05
523.xalancbmk_r,1,region_22,139807225,139752217,0.86,0.86,0.04
523.xalancbmk_r,1,average,171359557,171110502,0.69,0.70,0.12

525.x264_r,1,region_1,52741212,52629477,1.31,1.31,0.21
525.x264_r,1,region_2,85127554,84931779,1.32,1.32,0.23
525.x264_r,1,region_3,73040883,72897060,1.64,1.65,0.20
525.x264_r,1,region_4,67334949,67211945,1.78,1.79,0.18
525.x264_r,1,region_5,89413403,89180956,1.34,1.35,0.26
525.x264_r,1,region_6,66572095,66453102,1.80,1.81,0.18
525.x264_r,1,region_7,26595986,26452163,1.57,1.57,0.54
525.x264_r,1,region_8,66472011,66364669,1.81,1.81,0.16
525.x264_r,1,region_9,85626828,85544507,1.40,1.40,0.10
525.x264_r,1,region_10,69683867,69627522,1.64,1.64,0.08
525.x264_r,1,region_11,52386716,52332472,1.34,1.35,0.10
525.x264_r,1,region_12,20358308,20308839,1.34,1.35,0.24
525.x264_r,1,region_13,74244374,73966087,1.22,1.22,0.37
525.x264_r,1,region_14,79944387,79847932,1.34,1.34,0.12
525.x264_r,1,region_15,77434456,77277263,1.55,1.55,0.20
525.x264_r,1,region_16,77506845,76823065,1.55,1.56,0.88
525.x264_r,1,region_17,74326504,74211713,1.61,1.62,0.15
525.x264_r,1,region_18,15041823,15001140,1.26,1.27,0.27
525.x264_r,1,region_19,65911044,65827195,1.82,1.82,0.13
525.x264_r,1,region_20,66386443,66294954,1.81,1.81,0.14
525.x264_r,1,region_21,77525754,77399694,1.55,1.55,0.16
525.x264_r,1,average,64936926,64789692,1.52,1.53,0.23

525.x264_r,2,region_1,82849497,82631184,1.45,1.45,0.26
525.x264_r,2,region_2,83751590,83510166,1.43,1.44,0.29
525.x264_r,2,region_3,82816072,82613612,1.45,1.45,0.24
525.x264_r,2,region_4,86465127,86209187,1.39,1.39,0.30
525.x264_r,2,region_5,41955060,41849819,1.47,1.47,0.25
525.x264_r,2,region_6,82416882,82206400,1.46,1.46,0.26
525.x264_r,2,region_7,78567659,78210680,1.53,1.53,0.45
525.x264_r,2,region_8,85204336,84980675,1.41,1.41,0.26
525.x264_r,2,region_9,83211442,82987017,1.44,1.45,0.27
525.x264_r,2,region_10,3353578,3345556,1.35,1.36,0.24
525.x264_r,2,region_11,76811414,76420055,1.56,1.57,0.51
525.x264_r,2,region_12,84401945,84173127,1.42,1.43,0.27
525.x264_r,2,region_13,77014256,76627672,1.56,1.57,0.50
525.x264_r,2,region_14,58186431,58031721,1.43,1.43,0.27
525.x264_r,2,region_15,83715873,83488010,1.43,1.44,0.27
525.x264_r,2,region_16,78111551,77738337,1.54,1.54,0.48
525.x264_r,2,region_17,78722369,78362525,1.52,1.53,0.46
525.x264_r,2,region_18,82876428,82666901,1.45,1.45,0.25
525.x264_r,2,region_19,82845295,82461194,1.45,1.46,0.46
525.x264_r,2,average,74382990,74132307,1.46,1.46,0.33

525.x264_r,3,region_1,83604711,83390218,1.44,1.44,0.26
525.x264_r,3,region_2,82749222,82532437,1.45,1.45,0.26
525.x264_r,3,region_3,83737838,83386016,1.43,1.44,0.42
525.x264_r,3,region_4,68020257,67884265,1.76,1.77,0.20
525.x264_r,3,region_5,66503717,66425407,1.80,1.81,0.12
525.x264_r,3,region_6,78078317,77741966,1.54,1.54,0.43
525.x264_r,3,region_7,75553870,75447292,1.59,1.59,0.14
525.x264_r,3,region_8,82720763,82520595,1.45,1.45,0.24
525.x264_r,3,region_9,78162930,77803277,1.54,1.54,0.46
525.x264_r,3,region_10,84949733,84708691,1.41,1.42,0.28
525.x264_r,3,region_11,69346561,69166639,1.44,1.44,0.26
525.x264_r,3,region_12,66484235,66380331,1.80,1.81,0.16
525.x264_r,3,region_13,84079537,83831237,1.43,1.43,0.30
525.x264_r,3,region_14,71637797,71521478,1.68,1.68,0.16
525.x264_r,3,region_15,77296936,76929261,1.55,1.56,0.48
525.x264_r,3,region_16,7568375,7569330,1.06,1.06,-0.01
525.x264_r,3,region_17,58135434,58000206,1.44,1.45,0.23
525.x264_r,3,region_18,83794756,83486673,1.43,1.44,0.37
525.x264_r,3,average,72356944,72151407,1.51,1.52,0.26

526.blender_r,1,region_1,113511491,110044077,1.06,1.09,3.05
526.blender_r,1,region_2,105188666,105188475,1.14,1.14,0.00
526.blender_r,1,region_3,344720620,344716991,0.35,0.35,0.00
526.blender_r,1,region_4,235560682,233985314,0.51,0.51,0.67
526.blender_r,1,region_5,124415299,121557748,0.96,0.99,2.30
526.blender_r,1,region_6,114335465,111628995,1.05,1.07,2.37
526.blender_r,1,region_7,108805633,105363813,1.10,1.14,3.16
526.blender_r,1,region_8,117915760,114692826,1.02,1.05,2.73
526.blender_r,1,region_9,103524292,103524292,1.16,1.16,0.00
526.blender_r,1,region_10,195554395,193407364,0.61,0.62,1.10
526.blender_r,1,region_11,134101673,132625816,0.89,0.90,1.10
526.blender_r,1,region_12,126409148,123271782,0.95,0.97,2.48
526.blender_r,1,region_13,115882374,112774422,1.04,1.06,2.68
526.blender_r,1,region_14,120742369,117647214,0.99,1.02,2.56
526.blender_r,1,region_15,109240922,106149587,1.10,1.13,2.83
526.blender_r,1,region_16,121198859,118204743,0.99,1.02,2.47
526.blender_r,1,region_17,131452503,128411974,0.91,0.93,2.31
526.blender_r,1,region_18,107125215,103771446,1.12,1.16,3.13
526.blender_r,1,region_19,247937864,245636505,0.48,0.49,0.93
526.blender_r,1,region_20,107707765,104579567,1.11,1.15,2.90
526.blender_r,1,region_21,118686827,115970043,1.01,1.03,2.29
526.blender_r,1,region_22,119290960,116074902,1.01,1.03,2.70
526.blender_r,1,region_23,111986547,108734963,1.07,1.10,2.90
526.blender_r,1,average,140665014,138172298,0.94,0.96,2.33

527.cam4_r,1,region_1,164307368,164312334,0.73,0.73,-0.00
527.cam4_r,1,region_2,115301734,110314151,1.04,1.09,4.33
527.cam4_r,1,region_3,164296099,163671720,0.73,0.73,0.38
527.cam4_r,1,region_4,123636783,122728196,0.97,0.98,0.73
527.cam4_r,1,region_5,120113024,118524286,1.00,1.01,1.32
527.cam4_r,1,region_6,142298438,141562133,0.84,0.85,0.52
527.cam4_r,1,region_7,160522703,160122367,0.75,0.75,0.25
527.cam4_r,1,region_8,156003834,156006508,0.77,0.77,-0.00
527.cam4_r,1,region_9,110539340,110526543,1.09,1.09,0.01
527.cam4_r,1,region_10,123818615,122904680,0.97,0.98,0.74
527.cam4_r,1,region_11,64030840,64031031,1.87,1.87,-0.00
527.cam4_r,1,region_12,160297323,160300379,0.75,0.75,-0.00
527.cam4_r,1,region_13,123374158,122460796,0.97,0.98,0.74
527.cam4_r,1,region_14,134203858,134035969,0.89,0.90,0.13
527.cam4_r,1,region_15,124137394,123217156,0.97,0.97,0.74
527.cam4_r,1,region_16,123914497,121811205,0.97,0.99,1.70
527.cam4_r,1,region_17,153022515,153024616,0.78,0.78,-0.00
527.cam4_r,1,region_18,200855600,200847578,0.60,0.60,0.00
527.cam4_r,1,average,136926340,136133425,0.93,0.93,0.97

531.deepsjeng_r,1,region_1,94545382,91714380,1.27,1.31,2.99
531.deepsjeng_r,1,region_2,94850218,92138018,1.27,1.30,2.86
531.deepsjeng_r,1,region_3,95410039,92561465,1.26,1.30,2.99
531.deepsjeng_r,1,region_4,94566010,91625565,1.27,1.31,3.11
531.deepsjeng_r,1,region_5,96529490,93639278,1.24,1.28,2.99
531.deepsjeng_r,1,region_6,95358278,92565094,1.26,1.30,2.93
531.deepsjeng_r,1,region_7,94081252,91495876,1.28,1.31,2.75
531.deepsjeng_r,1,region_8,96306975,93683590,1.25,1.28,2.72
531.deepsjeng_r,1,region_9,94937696,91866989,1.26,1.31,3.23
531.deepsjeng_r,1,region_10,94820995,91816183,1.27,1.31,3.17
531.deepsjeng_r,1,region_11,94355528,91448126,1.27,1.31,3.08
531.deepsjeng_r,1,region_12,92768891,89840861,1.29,1.34,3.16
531.deepsjeng_r,1,region_13,93843457,91179007,1.28,1.32,2.84
531.deepsjeng_r,1,region_14,93705364,90985906,1.28,1.32,2.90
531.deepsjeng_r,1,region_15,92965430,90071589,1.29,1.33,3.11
531.deepsjeng_r,1,region_16,93225572,90156393,1.29,1.33,3.29
531.deepsjeng_r,1,region_17,106998964,107000110,0.99,0.99,-0.00
531.deepsjeng_r,1,average,95251149,92575790,1.25,1.29,3.01

538.imagick_r,1,region_1,66827080,66811227,1.80,1.80,0.02
538.imagick_r,1,region_2,80172059,78761524,1.50,1.52,1.76
538.imagick_r,1,region_3,142616453,142599836,0.84,0.84,0.01
538.imagick_r,1,region_4,71755071,71736162,1.67,1.67,0.03
538.imagick_r,1,region_5,87254912,87239059,1.38,1.38,0.02
538.imagick_r,1,region_6,78942783,77566628,1.52,1.55,1.74
538.imagick_r,1,region_7,80266222,78843081,1.50,1.52,1.77
538.imagick_r,1,average,86833511,86222502,1.46,1.47,0.76

541.leela_r,1,region_1,109579374,108612150,1.10,1.10,0.88
541.leela_r,1,region_2,109108750,108401095,1.10,1.11,0.65
541.leela_r,1,region_3,106336958,105462369,1.13,1.14,0.82
541.leela_r,1,region_4,103855104,103330809,1.16,1.16,0.50
541.leela_r,1,region_5,101809112,101392732,1.18,1.18,0.41
541.leela_r,1,region_6,105957632,105384059,1.13,1.14,0.54
541.leela_r,1,region_7,125122190,124640870,0.96,0.96,0.38
541.leela_r,1,region_8,103668115,103205131,1.16,1.16,0.45
541.leela_r,1,region_9,104482539,104119066,1.15,1.15,0.35
541.leela_r,1,region_10,108986701,107804602,1.10,1.11,1.08
541.leela_r,1,region_11,78962265,78962074,1.52,1.52,0.00
541.leela_r,1,region_12,107230074,106695274,1.12,1.12,0.50
541.leela_r,1,region_13,104377489,103738403,1.15,1.16,0.61
541.leela_r,1,region_14,109361634,108761512,1.10,1.10,0.55
541.leela_r,1,region_15,122208294,121949871,0.98,0.98,0.21
541.leela_r,1,region_16,107631174,107122923,1.11,1.12,0.47
541.leela_r,1,region_17,105268695,104291730,1.14,1.15,0.93
541.leela_r,1,region_18,103718921,103111159,1.16,1.16,0.59
541.leela_r,1,region_19,108360794,107818736,1.11,1.11,0.50
541.leela_r,1,region_20,105515467,105118760,1.14,1.14,0.38
541.leela_r,1,region_21,108409308,107819691,1.11,1.11,0.54
541.leela_r,1,region_22,104613756,104172355,1.15,1.15,0.42
541.leela_r,1,region_23,103524292,103115170,1.16,1.16,0.40
541.leela_r,1,region_24,107111654,106478298,1.12,1.13,0.59
541.leela_r,1,average,106466679,105896202,1.14,1.14,0.55

544.nab_r,1,region_1,182676984,174898700,0.66,0.69,4.26
544.nab_r,1,region_2,174303735,167641655,0.69,0.72,3.82
544.nab_r,1,region_3,157279332,153280174,0.76,0.78,2.54
544.nab_r,1,region_4,144606291,141371897,0.83,0.85,2.24
544.nab_r,1,region_5,201180300,200356708,0.60,0.60,0.41
544.nab_r,1,region_6,207091177,206519514,0.58,0.58,0.28
544.nab_r,1,region_7,147577296,143939319,0.81,0.83,2.47
544.nab_r,1,region_8,139308333,137590670,0.86,0.87,1.23
544.nab_r,1,region_9,109192981,107463858,1.10,1.12,1.58
544.nab_r,1,region_10,159742659,156460133,0.75,0.77,2.05
544.nab_r,1,region_11,106909385,105043315,1.12,1.14,1.75
544.nab_r,1,region_12,151033059,149125924,0.79,0.80,1.26
544.nab_r,1,region_13,143801608,142297101,0.83,0.84,1.05
544.nab_r,1,region_14,180655822,173393620,0.66,0.69,4.02
544.nab_r,1,region_15,159270507,154053151,0.75,0.78,3.28
544.nab_r,1,region_16,195982044,194942813,0.61,0.62,0.53
544.nab_r,1,region_17,182638020,174857062,0.66,0.69,4.26
544.nab_r,1,average,161367620,157837389,0.77,0.79,2.18

548.exchange2_r,1,region_1,98505194,97537397,1.22,1.23,0.98
548.exchange2_r,1,region_2,119999952,119922024,1.00,1.00,0.06
548.exchange2_r,1,region_3,113999687,113642517,1.05,1.06,0.31
548.exchange2_r,1,region_4,113993002,113635832,1.05,1.06,0.31
548.exchange2_r,1,region_5,117619519,117387645,1.02,1.02,0.20
548.exchange2_r,1,region_6,114138544,113774880,1.05,1.05,0.32
548.exchange2_r,1,region_7,120752492,120665778,0.99,0.99,0.07
548.exchange2_r,1,region_8,120036624,119921642,1.00,1.00,0.10
548.exchange2_r,1,region_9,123275602,123244087,0.97,0.97,0.03
548.exchange2_r,1,region_10,114606112,114301849,1.05,1.05,0.27
548.exchange2_r,1,region_11,115849713,115594728,1.04,1.04,0.22
548.exchange2_r,1,region_12,90163460,88842122,1.33,1.35,1.47
548.exchange2_r,1,region_13,124476992,124460948,0.96,0.96,0.01
548.exchange2_r,1,region_14,117776139,117649124,1.02,1.02,0.11
548.exchange2_r,1,region_15,112823318,112439408,1.06,1.07,0.34
548.exchange2_r,1,region_16,118691220,118522758,1.01,1.01,0.14
548.exchange2_r,1,region_17,121306010,121243362,0.99,0.99,0.05
548.exchange2_r,1,region_18,119814300,119730069,1.00,1.00,0.07
548.exchange2_r,1,region_19,76398854,74683483,1.57,1.61,2.25
548.exchange2_r,1,average,113380354,113010508,1.07,1.08,0.38

549.fotonik3d_r,1,region_1,474578082,474428911,0.25,0.25,0.03
549.fotonik3d_r,1,region_2,434484890,434336674,0.28,0.28,0.03
549.fotonik3d_r,1,region_3,445125691,445024079,0.27,0.27,0.02
549.fotonik3d_r,1,region_4,495878593,495842494,0.24,0.24,0.01
549.fotonik3d_r,1,region_5,491740196,491697030,0.24,0.24,0.01
549.fotonik3d_r,1,region_6,504931229,504905062,0.24,0.24,0.01
549.fotonik3d_r,1,region_7,459448017,459370280,0.26,0.26,0.02
549.fotonik3d_r,1,region_8,514932180,514904103,0.23,0.23,0.01
549.fotonik3d_r,1,region_9,487376992,487326186,0.25,0.25,0.01
549.fotonik3d_r,1,region_10,568570710,568530218,0.21,0.21,0.01
549.fotonik3d_r,1,region_11,477668844,477611926,0.25,0.25,0.01
549.fotonik3d_r,1,region_12,534912881,534882130,0.22,0.22,0.01
549.fotonik3d_r,1,region_13,577020359,576966306,0.21,0.21,0.01
549.fotonik3d_r,1,region_14,575759568,575707425,0.21,0.21,0.01
549.fotonik3d_r,1,region_15,439870517,439746940,0.27,0.27,0.03
549.fotonik3d_r,1,region_16,544827882,544795412,0.22,0.22,0.01
549.fotonik3d_r,1,region_17,7707232,7708378,0.94,0.94,-0.01
549.fotonik3d_r,1,region_18,505711655,505684724,0.24,0.24,0.01
549.fotonik3d_r,1,region_19,561142911,561107576,0.21,0.21,0.01
549.fotonik3d_r,1,region_20,451616635,451527438,0.27,0.27,0.02
549.fotonik3d_r,1,region_21,471816604,471663804,0.25,0.25,0.03
549.fotonik3d_r,1,region_22,468768626,468701585,0.26,0.26,0.01
549.fotonik3d_r,1,region_23,504591440,504565464,0.24,0.24,0.01
549.fotonik3d_r,1,region_24,574546527,574496676,0.21,0.21,0.01
549.fotonik3d_r,1,region_25,456229667,456077249,0.26,0.26,0.03
549.fotonik3d_r,1,average,481170317,481104323,0.27,0.27,0.01

554.roms_r,1,region_1,146452115,143189262,0.82,0.84,2.23
554.roms_r,1,region_2,198444798,197674304,0.60,0.61,0.39
554.roms_r,1,region_3,420262457,420259592,0.29,0.29,0.00
554.roms_r,1,region_4,357949662,357948707,0.34,0.34,0.00
554.roms_r,1,region_5,343614539,343605180,0.35,0.35,0.00
554.roms_r,1,region_6,252109304,252108731,0.48,0.48,0.00
554.roms_r,1,region_7,221587695,221332901,0.54,0.54,0.11
554.roms_r,1,region_8,270905423,270900648,0.44,0.44,0.00
554.roms_r,1,region_9,255761033,254721038,0.47,0.47,0.41
554.roms_r,1,region_10,263179855,262931746,0.46,0.46,0.09
554.roms_r,1,region_11,316340312,316174906,0.38,0.38,0.05
554.roms_r,1,region_12,300830157,300551106,0.40,0.40,0.09
554.roms_r,1,region_13,363895492,363870471,0.33,0.33,0.01
554.roms_r,1,region_14,334714894,334706872,0.36,0.36,0.00
554.roms_r,1,region_15,208476882,208040065,0.58,0.58,0.21
554.roms_r,1,region_16,190645886,190343342,0.63,0.63,0.16
554.roms_r,1,region_17,370427310,370421198,0.32,0.32,0.00
554.roms_r,1,region_18,109307008,104685190,1.10,1.15,4.23
554.roms_r,1,region_19,254421741,254420786,0.47,0.47,0.00
554.roms_r,1,region_20,441172755,441168744,0.27,0.27,0.00
554.roms_r,1,region_21,254726577,254603764,0.47,0.47,0.05
554.roms_r,1,region_22,189790015,188643442,0.63,0.64,0.60
554.roms_r,1,region_23,298090262,297852085,0.40,0.40,0.08
554.roms_r,1,region_24,218035286,217782784,0.55,0.55,0.12
554.roms_r,1,average,274214227,273664036,0.49,0.49,0.59

557.xz_r,1,region_1,146522785,145708361,0.82,0.82,0.56
557.xz_r,1,region_2,158764930,157832086,0.76,0.76,0.59
557.xz_r,1,region_3,86109485,84618157,1.39,1.42,1.73
557.xz_r,1,region_4,144831862,143994900,0.83,0.83,0.58
557.xz_r,1,region_5,189036902,188847430,0.63,0.64,0.10
557.xz_r,1,region_6,163705145,162797131,0.73,0.74,0.55
557.xz_r,1,region_7,112247071,111578380,1.07,1.08,0.60
557.xz_r,1,region_8,157712711,156786170,0.76,0.77,0.59
557.xz_r,1,region_9,162813748,161884342,0.74,0.74,0.57
557.xz_r,1,region_10,141539213,140708745,0.85,0.85,0.59
557.xz_r,1,region_11,158512810,157531452,0.76,0.76,0.62
557.xz_r,1,region_12,117342569,116366559,1.02,1.03,0.83
557.xz_r,1,region_13,159901189,158933965,0.75,0.76,0.60
557.xz_r,1,region_14,167037904,166104869,0.72,0.72,0.56
557.xz_r,1,region_15,99888034,93806785,1.20,1.28,6.09
557.xz_r,1,region_16,156782923,155835181,0.77,0.77,0.60
557.xz_r,1,region_17,140332093,139778384,0.86,0.86,0.39
557.xz_r,1,region_18,147995204,147152512,0.81,0.82,0.57
557.xz_r,1,region_19,158654341,157666298,0.76,0.76,0.62
557.xz_r,1,region_20,161228257,160314704,0.74,0.75,0.57
557.xz_r,1,region_21,164694143,163754614,0.73,0.73,0.57
557.xz_r,1,region_22,113961678,113327367,1.05,1.06,0.56
557.xz_r,1,region_23,165738531,164801103,0.72,0.73,0.57
557.xz_r,1,region_24,142964646,142050902,0.84,0.84,0.64
557.xz_r,1,region_25,157290219,156356802,0.76,0.77,0.59
557.xz_r,1,region_26,161009753,160073089,0.75,0.75,0.58
557.xz_r,1,region_27,157887667,156897523,0.76,0.76,0.63
557.xz_r,1,region_28,170752281,169538285,0.70,0.71,0.71
557.xz_r,1,region_29,155161524,154282924,0.77,0.78,0.57
557.xz_r,1,region_30,176126830,175259499,0.68,0.68,0.49
557.xz_r,1,average,149884882,148819617,0.82,0.83,0.79

557.xz_r,2,region_1,92952633,91751243,1.29,1.31,1.29
557.xz_r,2,region_2,142096169,141410479,0.84,0.85,0.48
557.xz_r,2,region_3,87451451,86711135,1.37,1.38,0.85
557.xz_r,2,region_4,68327003,68327003,1.76,1.76,0.00
557.xz_r,2,region_5,86282149,85126408,1.39,1.41,1.34
557.xz_r,2,region_6,82664609,81378988,1.45,1.47,1.56
557.xz_r,2,region_7,107299980,106193326,1.12,1.13,1.03
557.xz_r,2,region_8,78687989,77851791,1.53,1.54,1.06
557.xz_r,2,region_9,85034155,83570522,1.41,1.44,1.72
557.xz_r,2,region_10,75213699,73589626,1.60,1.63,2.16
557.xz_r,2,region_11,93482658,92540264,1.28,1.30,1.01
557.xz_r,2,region_12,86389682,85197269,1.39,1.41,1.38
557.xz_r,2,region_13,78765535,77335709,1.52,1.55,1.82
557.xz_r,2,region_14,87028004,85456456,1.38,1.40,1.81
557.xz_r,2,region_15,79788340,79278752,1.50,1.51,0.64
557.xz_r,2,region_16,120027647,118946205,1.00,1.01,0.90
557.xz_r,2,region_17,90323136,89603066,1.33,1.34,0.80
557.xz_r,2,region_18,74706976,74064452,1.61,1.62,0.86
557.xz_r,2,region_19,88518568,87211937,1.36,1.38,1.48
557.xz_r,2,region_20,88074875,87568343,1.36,1.37,0.58
557.xz_r,2,average,89655763,88655649,1.37,1.39,1.20

557.xz_r,3,region_1,167957569,167012119,0.71,0.72,0.56
557.xz_r,3,region_2,93784820,92609024,1.28,1.30,1.25
557.xz_r,3,region_3,98510351,97410382,1.22,1.23,1.12
557.xz_r,3,region_4,84282761,82563188,1.42,1.45,2.04
557.xz_r,3,region_5,111307351,110291613,1.08,1.09,0.91
557.xz_r,3,region_6,113742028,112747682,1.06,1.06,0.87
557.xz_r,3,region_7,135164588,134367354,0.89,0.89,0.59
557.xz_r,3,region_8,96597677,96318626,1.24,1.25,0.29
557.xz_r,3,region_9,93917947,92859043,1.28,1.29,1.13
557.xz_r,3,region_10,79103605,77446298,1.52,1.55,2.10
557.xz_r,3,region_11,100779622,100503054,1.19,1.19,0.27
557.xz_r,3,region_12,114543655,113509008,1.05,1.06,0.90
557.xz_r,3,region_13,99626173,95037207,1.20,1.26,4.61
557.xz_r,3,region_14,90513945,89306061,1.33,1.34,1.33
557.xz_r,3,region_15,99464205,99417410,1.21,1.21,0.05
557.xz_r,3,region_16,68356799,68356608,1.76,1.76,0.00
557.xz_r,3,region_17,124556830,123521992,0.96,0.97,0.83
557.xz_r,3,region_18,85978650,84798079,1.40,1.42,1.37
557.xz_r,3,region_19,97711589,96631102,1.23,1.24,1.11
557.xz_r,3,region_20,123695993,122654088,0.97,0.98,0.84
557.xz_r,3,region_21,131559654,130562443,0.91,0.92,0.76
557.xz_r,3,region_22,104903503,103732100,1.14,1.16,1.12
557.xz_r,3,region_23,87424138,86454813,1.37,1.39,1.11
557.xz_r,3,average,104499281,103396056,1.19,1.21,1.14

600.perlbench_s,1,region_1,76005776,75562465,1.58,1.59,0.58
600.perlbench_s,1,region_2,118758834,118377216,1.01,1.01,0.32
600.perlbench_s,1,region_3,127491163,127131510,0.94,0.94,0.28
600.perlbench_s,1,region_4,131164093,130771206,0.91,0.92,0.30
600.perlbench_s,1,region_5,76107197,75668661,1.58,1.59,0.58
600.perlbench_s,1,region_6,96350905,95919627,1.25,1.25,0.45
600.perlbench_s,1,region_7,77120070,76620796,1.56,1.57,0.65
600.perlbench_s,1,region_8,93243908,92827910,1.29,1.29,0.45
600.perlbench_s,1,region_9,69976670,69745369,1.04,1.04,0.33
600.perlbench_s,1,region_10,74884415,74386287,1.60,1.61,0.67
600.perlbench_s,1,region_11,1423905,1424478,0.77,0.77,-0.04
600.perlbench_s,1,region_12,85146463,84791203,1.41,1.42,0.42
600.perlbench_s,1,region_13,72205640,71866424,1.66,1.67,0.47
600.perlbench_s,1,region_14,91661473,91231341,1.31,1.32,0.47
600.perlbench_s,1,region_15,89844872,89544238,1.08,1.08,0.33
600.perlbench_s,1,region_16,87379062,86972805,1.37,1.38,0.46
600.perlbench_s,1,region_17,87171063,84789675,1.38,1.42,2.73
600.perlbench_s,1,region_18,81096690,80849536,0.95,0.95,0.30
600.perlbench_s,1,region_19,113001521,112629835,1.06,1.07,0.33
600.perlbench_s,1,region_20,76931744,76444503,1.56,1.57,0.63
600.perlbench_s,1,average,86348273,85877754,1.27,1.27,0.54

600.perlbench_s,2,region_1,102861522,102621626,1.17,1.17,0.23
600.perlbench_s,2,region_2,209354909,208082276,0.57,0.58,0.61
600.perlbench_s,2,region_3,102837456,102597751,1.17,1.17,0.23
600.perlbench_s,2,region_4,109723388,109018598,1.09,1.10,0.64
600.perlbench_s,2,region_5,104129953,104129953,1.15,1.15,0.00
600.perlbench_s,2,region_6,116701955,116463969,1.03,1.03,0.20
600.perlbench_s,2,region_7,112317168,112095035,1.07,1.07,0.20
600.perlbench_s,2,region_8,102867061,102626783,1.17,1.17,0.23
600.perlbench_s,2,region_9,65788040,44559918,1.82,2.69,32.27
600.perlbench_s,2,region_10,179206323,178029954,0.67,0.67,0.66
600.perlbench_s,2,region_11,138493336,137949177,0.87,0.87,0.39
600.perlbench_s,2,average,122207374,119834095,1.07,1.15,3.57

600.perlbench_s,3,region_1,104072653,103791310,1.15,1.16,0.27
600.perlbench_s,3,region_2,105949992,95370502,1.13,1.26,9.99
600.perlbench_s,3,region_3,113130828,112909077,1.06,1.06,0.20
600.perlbench_s,3,region_4,167123472,166817872,0.72,0.72,0.18
600.perlbench_s,3,region_5,104238250,103955570,1.15,1.15,0.27
600.perlbench_s,3,region_6,116644464,116418702,1.03,1.03,0.19
600.perlbench_s,3,region_7,105252842,104970926,1.14,1.14,0.27
600.perlbench_s,3,region_8,104570208,104302617,1.15,1.15,0.26
600.perlbench_s,3,average,115122839,113567072,1.07,1.08,1.45

602.gcc_s,1,region_1,325625968,325466292,0.37,0.37,0.05
602.gcc_s,1,region_2,127708330,125375647,0.94,0.96,1.83
602.gcc_s,1,region_3,688083612,688077882,0.17,0.17,0.00
602.gcc_s,1,region_4,560306713,560195169,0.21,0.21,0.02
602.gcc_s,1,region_5,137278958,136539215,0.87,0.88,0.54
602.gcc_s,1,region_6,287544961,287226946,0.42,0.42,0.11
602.gcc_s,1,region_7,125603892,125367625,0.84,0.84,0.19
602.gcc_s,1,region_8,149115801,148818987,0.80,0.81,0.20
602.gcc_s,1,region_9,152820246,151615609,0.79,0.79,0.79
602.gcc_s,1,region_10,148205495,147836674,0.81,0.81,0.25
602.gcc_s,1,region_11,308765443,308634417,0.39,0.39,0.04
602.gcc_s,1,region_12,144459030,143836752,0.83,0.83,0.43
602.gcc_s,1,region_13,136146901,135816280,0.88,0.88,0.24
602.gcc_s,1,region_14,348342744,346226273,0.34,0.35,0.61
602.gcc_s,1,region_15,671538237,671534608,0.18,0.18,0.00
602.gcc_s,1,region_16,329360973,329270630,0.36,0.36,0.03
602.gcc_s,1,region_17,218966220,218890393,0.55,0.55,0.03
602.gcc_s,1,region_18,951343496,951336620,0.13,0.13,0.00
602.gcc_s,1,average,322845390,322337001,0.55,0.55,0.36

602.gcc_s,2,region_1,148233572,147560488,0.81,0.81,0.45
602.gcc_s,2,region_2,162855959,162562392,0.74,0.74,0.18
602.gcc_s,2,region_3,106224077,105272324,1.13,1.14,0.90
602.gcc_s,2,region_4,143326018,143274066,0.84,0.84,0.04
602.gcc_s,2,region_5,130435428,130218834,0.92,0.92,0.17
602.gcc_s,2,region_6,164417384,163256486,0.73,0.74,0.71
602.gcc_s,2,region_7,144199270,143558656,0.83,0.84,0.44
602.gcc_s,2,region_8,154804354,154135090,0.78,0.78,0.43
602.gcc_s,2,region_9,153019459,152286401,0.78,0.79,0.48
602.gcc_s,2,region_10,165562429,164396947,0.72,0.73,0.70
602.gcc_s,2,region_11,142891875,142793319,0.84,0.84,0.07
602.gcc_s,2,region_12,116770333,116552975,0.79,0.79,0.19
602.gcc_s,2,region_13,154217984,153960325,0.78,0.78,0.17
602.gcc_s,2,region_14,136374764,135713904,0.88,0.88,0.48
602.gcc_s,2,average,144523779,143967300,0.83,0.83,0.39

602.gcc_s,3,region_1,143481683,143081920,0.84,0.84,0.28
602.gcc_s,3,region_2,311422826,310177697,0.39,0.39,0.40
602.gcc_s,3,region_3,126356623,125822587,0.87,0.87,0.42
602.gcc_s,3,region_4,139501625,138556748,0.86,0.87,0.68
602.gcc_s,3,region_5,144611066,144402112,0.83,0.83,0.14
602.gcc_s,3,region_6,135562823,134436305,0.89,0.89,0.83
602.gcc_s,3,region_7,106562147,105673424,1.13,1.14,0.83
602.gcc_s,3,region_8,133227848,132385347,0.90,0.91,0.63
602.gcc_s,3,region_9,135479929,134445664,0.89,0.89,0.76
602.gcc_s,3,region_10,109216474,105520051,1.10,1.14,3.38
602.gcc_s,3,region_11,302211087,301024786,0.40,0.40,0.39
602.gcc_s,3,region_12,162851566,161462614,0.74,0.74,0.85
602.gcc_s,3,region_13,136410672,135462357,0.88,0.89,0.70
602.gcc_s,3,region_14,135778462,134859370,0.88,0.89,0.68
602.gcc_s,3,region_15,91644665,91016275,0.85,0.86,0.69
602.gcc_s,3,region_16,130075393,129382254,0.83,0.84,0.53
602.gcc_s,3,average,152774681,151731844,0.83,0.84,0.76

603.bwaves_s,1,region_1,273733369,273698989,0.44,0.44,0.01
603.bwaves_s,1,region_2,239567671,239549908,0.50,0.50,0.01
603.bwaves_s,1,region_3,369111320,369088782,0.33,0.33,0.01
603.bwaves_s,1,region_4,287021621,287003285,0.42,0.42,0.01
603.bwaves_s,1,region_5,270772678,270754724,0.44,0.44,0.01
603.bwaves_s,1,region_6,305407090,305404416,0.39,0.39,0.00
603.bwaves_s,1,region_10,287580105,287560814,0.42,0.42,0.01
603.bwaves_s,1,region_11,287004240,286986477,0.42,0.42,0.01
603.bwaves_s,1,region_12,189653641,189652113,0.63,0.63,0.00
603.bwaves_s,1,region_13,147838584,145943100,0.81,0.82,1.28
603.bwaves_s,1,region_14,187886891,187668578,0.64,0.64,0.12
603.bwaves_s,1,region_15,187812019,187595043,0.64,0.64,0.12
603.bwaves_s,1,region_16,270947443,270921085,0.44,0.44,0.01
603.bwaves_s,1,region_17,233656030,233639031,0.51,0.51,0.01
603.bwaves_s,1,region_18,270947634,270921276,0.44,0.44,0.01
603.bwaves_s,1,region_19,288823897,288805943,0.42,0.42,0.01
603.bwaves_s,1,region_20,188013333,187796166,0.64,0.64,0.12
603.bwaves_s,1,region_21,270326311,270292695,0.44,0.44,0.01
603.bwaves_s,1,region_22,187853657,187636299,0.64,0.64,0.12
603.bwaves_s,1,region_23,270948207,270921467,0.44,0.44,0.01
603.bwaves_s,1,region_24,136393482,133916403,0.88,0.90,1.82
603.bwaves_s,1,region_25,853346171,853329745,0.14,0.14,0.00
603.bwaves_s,1,region_26,291159827,291141873,0.41,0.41,0.01
603.bwaves_s,1,average,273730662,273488183,0.50,0.50,0.19

603.bwaves_s,2,region_1,188857935,188629308,0.64,0.64,0.12
603.bwaves_s,2,region_2,188916763,188687754,0.64,0.64,0.12
603.bwaves_s,2,region_3,275397170,275363936,0.44,0.44,0.01
603.bwaves_s,2,region_4,275934644,275931779,0.43,0.43,0.00
603.bwaves_s,2,region_5,278994655,278961230,0.43,0.43,0.01
603.bwaves_s,2,region_6,275397170,275364318,0.44,0.44,0.01
603.bwaves_s,2,region_7,275381508,275363745,0.44,0.44,0.01
603.bwaves_s,2,region_8,188913134,188685653,0.64,0.64,0.12
603.bwaves_s,2,region_9,275381890,275364127,0.44,0.44,0.01
603.bwaves_s,2,region_10,188895753,188668463,0.64,0.64,0.12
603.bwaves_s,2,region_11,197251621,197235004,0.61,0.61,0.01
603.bwaves_s,2,region_12,167962535,164386633,0.71,0.73,2.13
603.bwaves_s,2,region_13,293838029,293819311,0.41,0.41,0.01
603.bwaves_s,2,region_14,236918119,236888323,0.51,0.51,0.01
603.bwaves_s,2,region_15,266222103,266220575,0.45,0.45,0.00
603.bwaves_s,2,region_16,188837307,188610399,0.64,0.64,0.12
603.bwaves_s,2,region_17,275396597,275363554,0.44,0.44,0.01
603.bwaves_s,2,region_18,126441809,126435124,0.95,0.95,0.01
603.bwaves_s,2,region_19,242861848,242844658,0.49,0.49,0.01
603.bwaves_s,2,region_20,242728721,242711531,0.49,0.49,0.01
603.bwaves_s,2,region_21,135038337,132444557,0.89,0.91,1.92
603.bwaves_s,2,region_22,278994846,278961612,0.43,0.43,0.01
603.bwaves_s,2,region_23,226673452,226656453,0.53,0.53,0.01
603.bwaves_s,2,region_24,266229552,266228215,0.45,0.45,0.00
603.bwaves_s,2,region_25,256573356,256555784,0.47,0.47,0.01
603.bwaves_s,2,region_26,275381317,275363745,0.44,0.44,0.01
603.bwaves_s,2,average,234208468,233913300,0.54,0.54,0.21

605.mcf_s,1,region_1,298409423,298381346,0.40,0.40,0.01
605.mcf_s,1,region_2,382202842,382199977,0.31,0.31,0.00
605.mcf_s,1,region_3,187679656,186860648,0.64,0.64,0.44
605.mcf_s,1,region_4,651856069,648905310,0.18,0.18,0.45
605.mcf_s,1,region_5,208697487,207906747,0.57,0.58,0.38
605.mcf_s,1,region_6,431467090,429413267,0.28,0.28,0.48
605.mcf_s,1,region_7,445051774,443579737,0.27,0.27,0.33
605.mcf_s,1,region_8,185060282,178564181,0.65,0.67,3.51
605.mcf_s,1,region_9,328311237,328109159,0.37,0.37,0.06
605.mcf_s,1,region_10,283152152,283150242,0.42,0.42,0.00
605.mcf_s,1,region_11,220244201,219821709,0.54,0.55,0.19
605.mcf_s,1,region_12,159739603,158908753,0.75,0.76,0.52
605.mcf_s,1,region_13,175298272,174523385,0.68,0.69,0.44
605.mcf_s,1,region_14,509490590,506983142,0.24,0.24,0.49
605.mcf_s,1,region_15,158649566,157735440,0.76,0.76,0.58
605.mcf_s,1,region_16,436182116,436178296,0.28,0.28,0.00
605.mcf_s,1,region_17,198120862,197329358,0.61,0.61,0.40
605.mcf_s,1,region_18,183865386,183073500,0.65,0.66,0.43
605.mcf_s,1,region_19,253569308,253164961,0.47,0.47,0.16
605.mcf_s,1,region_20,235763333,235107057,0.51,0.51,0.28
605.mcf_s,1,region_21,203744284,202950488,0.59,0.59,0.39
605.mcf_s,1,region_22,470719309,470715871,0.25,0.25,0.00
605.mcf_s,1,region_23,501075894,499749781,0.24,0.24,0.26
605.mcf_s,1,region_24,197314078,196483610,0.61,0.61,0.42
605.mcf_s,1,region_25,285875048,285432883,0.42,0.42,0.15
605.mcf_s,1,region_26,235675664,235003535,0.51,0.51,0.29
605.mcf_s,1,region_27,485652644,481879439,0.25,0.25,0.78
605.mcf_s,1,region_28,400039568,398486165,0.30,0.30,0.39
605.mcf_s,1,average,311175276,310021357,0.46,0.46,0.49

607.cactuBSSN_s,1,region_1,123723497,123707071,0.97,0.97,0.01
607.cactuBSSN_s,1,region_2,136733462,136716463,0.88,0.88,0.01
607.cactuBSSN_s,1,region_3,469321189,469304954,0.26,0.26,0.00
607.cactuBSSN_s,1,region_4,288909465,286417679,0.42,0.42,0.86
607.cactuBSSN_s,1,region_5,243647813,243563964,0.49,0.49,0.03
607.cactuBSSN_s,1,region_6,123723115,123706689,0.97,0.97,0.01
607.cactuBSSN_s,1,region_7,225227391,224693164,0.53,0.53,0.24
607.cactuBSSN_s,1,region_8,106257311,106241076,1.13,1.13,0.02
607.cactuBSSN_s,1,region_9,565374707,565355034,0.21,0.21,0.00
607.cactuBSSN_s,1,region_10,214723728,211707074,0.56,0.57,1.40
607.cactuBSSN_s,1,region_11,442365359,442346259,0.27,0.27,0.00
607.cactuBSSN_s,1,region_12,441894162,441876972,0.27,0.27,0.00
607.cactuBSSN_s,1,region_13,242608964,240901424,0.49,0.50,0.70
607.cactuBSSN_s,1,region_14,362566132,360511736,0.33,0.33,0.57
607.cactuBSSN_s,1,region_15,540756908,540737235,0.22,0.22,0.00
607.cactuBSSN_s,1,region_16,106391393,106375349,1.13,1.13,0.02
607.cactuBSSN_s,1,region_17,1104985806,1104969953,0.11,0.11,0.00
607.cactuBSSN_s,1,region_18,367087484,365036335,0.33,0.33,0.56
607.cactuBSSN_s,1,region_19,191357934,190910994,0.63,0.63,0.23
607.cactuBSSN_s,1,region_20,126995900,126978901,0.94,0.95,0.01
607.cactuBSSN_s,1,region_21,480031705,480012796,0.25,0.25,0.00
607.cactuBSSN_s,1,region_22,106444491,106428256,1.13,1.13,0.02
607.cactuBSSN_s,1,region_23,564889567,564869703,0.21,0.21,0.00
607.cactuBSSN_s,1,region_24,131452121,131435886,0.91,0.91,0.01
607.cactuBSSN_s,1,average,321144567,320616874,0.57,0.57,0.29

619.lbm_s,1,region_1,208576584,208331913,0.58,0.58,0.12
619.lbm_s,1,region_2,162692272,162485037,0.74,0.74,0.13
619.lbm_s,1,region_3,212946091,212929092,0.56,0.56,0.01
619.lbm_s,1,region_4,211890434,211647673,0.57,0.57,0.11
619.lbm_s,1,region_5,18933257,18917595,0.71,0.71,0.08
619.lbm_s,1,region_6,192260027,192005424,0.62,0.62,0.13
619.lbm_s,1,region_7,162693609,162486374,0.74,0.74,0.13
619.lbm_s,1,region_8,214671012,214430543,0.56,0.56,0.11
619.lbm_s,1,region_9,307658789,339610415,0.39,0.35,-10.39
619.lbm_s,1,region_10,211800473,211557712,0.57,0.57,0.11
619.lbm_s,1,region_11,213453387,213209098,0.56,0.56,0.11
619.lbm_s,1,region_12,162568313,162353438,0.74,0.74,0.13
619.lbm_s,1,region_13,151638338,151357759,0.79,0.79,0.19
619.lbm_s,1,region_14,211888524,211645572,0.57,0.57,0.11
619.lbm_s,1,region_15,175291587,175024951,0.68,0.69,0.15
619.lbm_s,1,region_16,214255587,214014354,0.56,0.56,0.11
619.lbm_s,1,region_17,173997944,173731117,0.69,0.69,0.15
619.lbm_s,1,region_18,148727880,148478052,0.81,0.81,0.17
619.lbm_s,1,region_19,203075402,202827102,0.59,0.59,0.12
619.lbm_s,1,region_20,212423897,212181327,0.56,0.57,0.11
619.lbm_s,1,region_21,214235914,213994108,0.56,0.56,0.11
619.lbm_s,1,region_22,198726141,198475549,0.60,0.60,0.13
619.lbm_s,1,region_23,194177858,193923064,0.62,0.62,0.13
619.lbm_s,1,average,190373188,191548577,0.62,0.62,-0.34

620.omnetpp_s,1,region_1,194578767,193407364,0.62,0.62,0.60
620.omnetpp_s,1,region_2,193986285,192817556,0.62,0.62,0.60
620.omnetpp_s,1,region_3,205730493,204594043,0.58,0.59,0.55
620.omnetpp_s,1,region_4,141803557,141616186,0.85,0.85,0.13
620.omnetpp_s,1,region_5,205477036,204328553,0.58,0.59,0.56
620.omnetpp_s,1,region_6,165985685,164963453,0.72,0.73,0.62
620.omnetpp_s,1,region_7,195838794,194678469,0.61,0.62,0.59
620.omnetpp_s,1,region_8,199100310,197919166,0.60,0.61,0.59
620.omnetpp_s,1,region_9,1873710,1874283,0.81,0.81,-0.03
620.omnetpp_s,1,average,167152737,166244341,0.67,0.67,0.47

621.wrf_s,1,region_1,169523387,169576294,0.71,0.71,-0.03
621.wrf_s,1,region_2,143537264,140991807,0.84,0.85,1.77
621.wrf_s,1,region_3,124450252,120828319,0.96,0.99,2.91
621.wrf_s,1,region_4,107528989,104271866,1.12,1.15,3.03
621.wrf_s,1,region_5,140586505,140080546,0.85,0.86,0.36
621.wrf_s,1,region_6,126457089,126489559,0.95,0.95,-0.03
621.wrf_s,1,region_7,297893914,297985212,0.40,0.40,-0.03
621.wrf_s,1,region_8,104018218,103997590,1.15,1.15,0.02
621.wrf_s,1,region_9,237031382,237050291,0.51,0.51,-0.01
621.wrf_s,1,region_10,335676388,335785258,0.36,0.36,-0.03
621.wrf_s,1,region_11,316610959,316701302,0.38,0.38,-0.03
621.wrf_s,1,region_12,342158737,342302751,0.35,0.35,-0.04
621.wrf_s,1,region_13,345511742,345634173,0.35,0.35,-0.04
621.wrf_s,1,region_14,135150263,135182542,0.89,0.89,-0.02
621.wrf_s,1,region_15,175124844,174909396,0.69,0.69,0.12
621.wrf_s,1,region_16,114921453,109729691,1.04,1.09,4.52
621.wrf_s,1,region_17,144650221,141795917,0.83,0.85,1.97
621.wrf_s,1,region_18,328857879,329019656,0.36,0.36,-0.05
621.wrf_s,1,region_19,344455703,344574314,0.35,0.35,-0.03
621.wrf_s,1,region_20,119281601,117644540,1.01,1.02,1.37
621.wrf_s,1,region_21,112596601,109694356,1.07,1.09,2.58
621.wrf_s,1,region_22,100877796,100869774,1.19,1.19,0.01
621.wrf_s,1,region_23,298820837,298912517,0.40,0.40,-0.03
621.wrf_s,1,region_24,336793547,336976143,0.36,0.36,-0.05
621.wrf_s,1,region_25,339540318,339676501,0.35,0.35,-0.04
621.wrf_s,1,region_26,132712530,132597548,0.90,0.90,0.09
621.wrf_s,1,region_27,329964724,330156870,0.36,0.36,-0.06
621.wrf_s,1,average,214990116,214201286,0.69,0.70,0.68

623.xalancbmk_s,1,region_1,156478087,156431101,0.77,0.77,0.03
623.xalancbmk_s,1,region_2,141748931,141667756,0.85,0.85,0.06
623.xalancbmk_s,1,region_3,174961348,174880173,0.69,0.69,0.05
623.xalancbmk_s,1,region_4,280844681,279997023,0.43,0.43,0.30
623.xalancbmk_s,1,region_5,158106553,158043141,0.76,0.76,0.04
623.xalancbmk_s,1,region_6,156242584,156178408,0.77,0.77,0.04
623.xalancbmk_s,1,region_7,160397980,160343927,0.75,0.75,0.03
623.xalancbmk_s,1,region_8,152805539,152729330,0.79,0.79,0.05
623.xalancbmk_s,1,region_9,139889546,139831291,0.86,0.86,0.04
623.xalancbmk_s,1,region_10,35234534,35131776,0.43,0.44,0.29
623.xalancbmk_s,1,region_11,168473078,168406801,0.71,0.71,0.04
623.xalancbmk_s,1,region_12,374339372,373205596,0.32,0.32,0.30
623.xalancbmk_s,1,region_13,161314589,161260536,0.74,0.74,0.03
623.xalancbmk_s,1,region_14,98881273,98861791,1.21,1.21,0.02
623.xalancbmk_s,1,region_15,169891635,169826886,0.71,0.71,0.04
623.xalancbmk_s,1,region_16,168130042,168060136,0.71,0.71,0.04
623.xalancbmk_s,1,region_17,167261374,167185356,0.72,0.72,0.05
623.xalancbmk_s,1,region_18,153484926,153465635,0.78,0.78,0.01
623.xalancbmk_s,1,region_19,175337618,175293306,0.68,0.68,0.03
623.xalancbmk_s,1,region_20,164798238,164736545,0.73,0.73,0.04
623.xalancbmk_s,1,region_21,143282661,143220395,0.84,0.84,0.04
623.xalancbmk_s,1,average,166757361,166607472,0.73,0.73,0.07

625.x264_s,1,region_1,52752481,52668250,1.31,1.31,0.16
625.x264_s,1,region_2,65174548,65043522,1.24,1.24,0.20
625.x264_s,1,region_3,75396677,75219429,1.59,1.60,0.24
625.x264_s,1,region_4,67172026,67049404,1.79,1.79,0.18
625.x264_s,1,region_5,77214233,77027435,1.55,1.56,0.24
625.x264_s,1,region_6,66836057,66709806,1.80,1.80,0.19
625.x264_s,1,region_7,72331509,72141273,1.66,1.66,0.26
625.x264_s,1,region_8,67619157,67464447,1.77,1.78,0.23
625.x264_s,1,region_9,79289639,79110290,1.51,1.52,0.23
625.x264_s,1,region_10,88330433,88055775,1.25,1.26,0.31
625.x264_s,1,region_11,89567731,89359159,1.34,1.34,0.23
625.x264_s,1,region_12,20394025,20346657,1.34,1.34,0.23
625.x264_s,1,region_13,65842857,65763783,1.41,1.41,0.12
625.x264_s,1,region_14,65769131,65697124,1.30,1.30,0.11
625.x264_s,1,region_15,83176298,83090921,1.39,1.39,0.10
625.x264_s,1,region_16,77502452,76855726,1.55,1.56,0.83
625.x264_s,1,region_17,73553909,73426894,1.63,1.63,0.17
625.x264_s,1,region_18,73659723,73565369,1.63,1.63,0.13
625.x264_s,1,region_19,66737119,66624620,1.80,1.80,0.17
625.x264_s,1,region_20,66400386,66302594,1.81,1.81,0.15
625.x264_s,1,region_21,73756369,73638522,1.63,1.63,0.16
625.x264_s,1,region_22,87243643,87158648,1.38,1.38,0.10
625.x264_s,1,region_23,74834755,74712324,1.30,1.30,0.16
625.x264_s,1,average,70893703,70740521,1.52,1.52,0.21

625.x264_s,2,region_1,82900494,82683136,1.45,1.45,0.26
625.x264_s,2,region_2,83874403,83633552,1.43,1.43,0.29
625.x264_s,2,region_3,82877383,82675878,1.45,1.45,0.24
625.x264_s,2,region_4,86461498,86205940,1.39,1.39,0.30
625.x264_s,2,region_5,41943600,41837977,1.47,1.47,0.25
625.x264_s,2,region_6,82420893,82212703,1.46,1.46,0.25
625.x264_s,2,region_7,78575490,78217747,1.53,1.53,0.46
625.x264_s,2,region_8,85270804,85052491,1.41,1.41,0.26
625.x264_s,2,region_9,83280775,83057878,1.44,1.44,0.27
625.x264_s,2,region_10,3349758,3341163,1.35,1.36,0.26
625.x264_s,2,region_11,76805302,76413370,1.56,1.57,0.51
625.x264_s,2,region_12,84513107,84290592,1.42,1.42,0.26
625.x264_s,2,region_13,77007189,76620414,1.56,1.57,0.50
625.x264_s,2,region_14,65716224,65562660,1.42,1.42,0.23
625.x264_s,2,region_15,83773555,83547602,1.43,1.44,0.27
625.x264_s,2,region_16,78105057,77731270,1.54,1.54,0.48
625.x264_s,2,region_17,78706325,78345526,1.52,1.53,0.46
625.x264_s,2,region_18,82893236,82685237,1.45,1.45,0.25
625.x264_s,2,region_19,82719617,82333415,1.45,1.46,0.47
625.x264_s,2,average,74799722,74549924,1.46,1.46,0.33

625.x264_s,3,region_1,83566893,83351636,1.44,1.44,0.26
625.x264_s,3,region_2,82699944,82485260,1.45,1.45,0.26
625.x264_s,3,region_3,83829709,83477505,1.43,1.44,0.42
625.x264_s,3,region_4,68009179,67872805,1.76,1.77,0.20
625.x264_s,3,region_5,66462461,66383960,1.81,1.81,0.12
625.x264_s,3,region_6,78048139,77711215,1.54,1.54,0.43
625.x264_s,3,region_7,75454932,75348163,1.59,1.59,0.14
625.x264_s,3,region_8,82749222,82548290,1.45,1.45,0.24
625.x264_s,3,region_9,78284215,77924562,1.53,1.54,0.46
625.x264_s,3,region_10,84909623,84664952,1.41,1.42,0.29
625.x264_s,3,region_11,69311226,69128248,1.44,1.44,0.26
625.x264_s,3,region_12,66360467,66256181,1.81,1.81,0.16
625.x264_s,3,region_13,84048213,83799340,1.43,1.43,0.30
625.x264_s,3,region_14,71636842,71520523,1.68,1.68,0.16
625.x264_s,3,region_15,77291588,76923531,1.55,1.56,0.48
625.x264_s,3,region_16,7568184,7568566,1.06,1.06,-0.01
625.x264_s,3,region_17,58098380,57960860,1.44,1.45,0.24
625.x264_s,3,region_18,83854730,83545692,1.43,1.44,0.37
625.x264_s,3,average,72343553,72137294,1.51,1.52,0.27

627.cam4_s,1,region_1,64400807,64400998,1.86,1.86,-0.00
627.cam4_s,1,region_2,115966987,107983951,1.03,1.11,6.88
627.cam4_s,1,region_3,120444982,116761165,1.00,1.03,3.06
627.cam4_s,1,region_4,121210319,116068217,0.99,1.03,4.24
627.cam4_s,1,region_5,111222929,107266364,1.08,1.12,3.56
627.cam4_s,1,region_6,113193858,107579031,1.06,1.12,4.96
627.cam4_s,1,region_7,124066724,121730412,0.97,0.99,1.88
627.cam4_s,1,region_8,110544306,106339059,1.09,1.13,3.80
627.cam4_s,1,region_9,166191774,166194639,0.72,0.72,-0.00
627.cam4_s,1,region_10,121027341,116948345,0.99,1.03,3.37
627.cam4_s,1,region_11,120948076,115204324,0.99,1.04,4.75
627.cam4_s,1,region_12,120735302,115621659,0.99,1.04,4.24
627.cam4_s,1,region_13,116831453,111030592,1.03,1.08,4.97
627.cam4_s,1,region_14,110825076,106311364,1.08,1.13,4.07
627.cam4_s,1,region_15,121440856,116964962,0.99,1.03,3.69
627.cam4_s,1,region_16,114751463,108241037,1.05,1.11,5.67
627.cam4_s,1,region_17,114612224,108206466,1.05,1.11,5.59
627.cam4_s,1,region_18,112320797,108252497,1.07,1.11,3.62
627.cam4_s,1,region_19,112642250,108929210,1.07,1.10,3.30
627.cam4_s,1,region_20,119604582,116325112,1.00,1.03,2.74
627.cam4_s,1,region_21,113886042,106967640,1.05,1.12,6.07
627.cam4_s,1,region_22,111751044,111738438,1.07,1.07,0.01
627.cam4_s,1,region_23,117740231,111171550,1.02,1.08,5.58
627.cam4_s,1,average,116363453,112010306,1.05,1.10,4.10

628.pop2_s,1,region_1,167977624,167976860,0.71,0.71,0.00
628.pop2_s,1,region_2,126133153,126058281,0.95,0.95,0.06
628.pop2_s,1,region_3,183943314,183928416,0.65,0.65,0.01
628.pop2_s,1,region_4,130645337,130560533,0.92,0.92,0.06
628.pop2_s,1,region_5,131647132,131567103,0.91,0.91,0.06
628.pop2_s,1,region_6,126440854,126386610,0.95,0.95,0.04
628.pop2_s,1,region_7,139185902,139086773,0.86,0.86,0.07
628.pop2_s,1,region_8,158216569,158208356,0.76,0.76,0.01
628.pop2_s,1,region_9,133566300,133476912,0.90,0.90,0.07
628.pop2_s,1,region_10,136336182,136260355,0.88,0.88,0.06
628.pop2_s,1,region_11,134959072,134861471,0.89,0.89,0.07
628.pop2_s,1,region_12,130789542,130781902,0.92,0.92,0.01
628.pop2_s,1,region_13,136763449,136690678,0.88,0.88,0.05
628.pop2_s,1,region_14,132043457,131989404,0.91,0.91,0.04
628.pop2_s,1,region_15,135470570,135400091,0.89,0.89,0.05
628.pop2_s,1,region_16,128373774,128295082,0.93,0.94,0.06
628.pop2_s,1,region_17,125888864,125839395,0.95,0.95,0.04
628.pop2_s,1,region_18,127817009,127766394,0.94,0.94,0.04
628.pop2_s,1,region_19,135558812,135483940,0.89,0.89,0.06
628.pop2_s,1,region_20,187040761,187038660,0.64,0.64,0.00
628.pop2_s,1,region_21,131298366,131290726,0.91,0.91,0.01
628.pop2_s,1,region_22,233785337,233758024,0.51,0.51,0.01
628.pop2_s,1,region_23,168318368,168313211,0.71,0.71,0.00
628.pop2_s,1,region_24,130964880,130957240,0.92,0.92,0.01
628.pop2_s,1,region_25,133792826,133726167,0.90,0.90,0.05
628.pop2_s,1,region_26,170324823,170324632,0.70,0.70,0.00
628.pop2_s,1,region_27,132836298,132786447,0.90,0.90,0.04
628.pop2_s,1,region_28,158338427,158338618,0.60,0.60,-0.00
628.pop2_s,1,average,145302036,145255439,0.84,0.84,0.04

631.deepsjeng_s,1,region_1,110877219,108689123,1.08,1.10,1.97
631.deepsjeng_s,1,region_2,109912669,107638241,1.09,1.11,2.07
631.deepsjeng_s,1,region_3,131702522,131702522,0.91,0.91,0.00
631.deepsjeng_s,1,region_4,111268960,109003700,1.08,1.10,2.04
631.deepsjeng_s,1,region_5,112820262,110702454,1.06,1.08,1.88
631.deepsjeng_s,1,average,115316326,113547208,1.04,1.06,1.99

641.leela_s,1,region_1,108074294,107306474,1.11,1.12,0.71
641.leela_s,1,region_2,110285883,109817933,1.09,1.09,0.42
641.leela_s,1,region_3,110240998,109143130,1.09,1.10,1.00
641.leela_s,1,region_4,102936012,102620862,1.17,1.17,0.31
641.leela_s,1,region_5,101790012,101383373,1.18,1.18,0.40
641.leela_s,1,region_6,123579483,123089950,0.97,0.97,0.40
641.leela_s,1,region_7,103496406,102975358,1.16,1.17,0.50
641.leela_s,1,region_8,103586367,103144202,1.16,1.16,0.43
641.leela_s,1,region_9,105249786,104792914,1.14,1.15,0.43
641.leela_s,1,region_10,109344253,108318965,1.10,1.11,0.94
641.leela_s,1,region_11,109956981,109195655,1.09,1.10,0.69
641.leela_s,1,region_12,107535292,106955034,1.12,1.12,0.54
641.leela_s,1,region_13,106579146,105594159,1.13,1.14,0.92
641.leela_s,1,region_14,105830044,105301738,1.13,1.14,0.50
641.leela_s,1,region_15,105390553,104986015,1.14,1.14,0.38
641.leela_s,1,region_16,107887305,107350213,1.11,1.12,0.50
641.leela_s,1,region_17,79604598,79604789,1.51,1.51,-0.00
641.leela_s,1,region_18,104875426,104079147,1.14,1.15,0.76
641.leela_s,1,region_19,106968595,106441435,1.12,1.13,0.49
641.leela_s,1,region_20,106685533,106158755,1.12,1.13,0.49
641.leela_s,1,region_21,108240273,107705664,1.11,1.11,0.49
641.leela_s,1,region_22,104885549,104358580,1.14,1.15,0.50
641.leela_s,1,region_23,103906483,103385817,1.15,1.16,0.50
641.leela_s,1,region_24,107707765,106949495,1.11,1.12,0.70
641.leela_s,1,average,106026543,105444152,1.14,1.14,0.57

644.nab_s,1,region_1,135205080,134392757,0.89,0.89,0.60
644.nab_s,1,region_2,191157766,185065248,0.63,0.65,3.19
644.nab_s,1,region_3,151746062,149886868,0.79,0.80,1.23
644.nab_s,1,region_4,105352353,103726752,1.14,1.16,1.54
644.nab_s,1,region_5,206078113,205493653,0.58,0.58,0.28
644.nab_s,1,region_6,152608427,150259700,0.79,0.80,1.54
644.nab_s,1,region_7,182086412,174596920,0.66,0.69,4.11
644.nab_s,1,region_8,132583796,131915869,0.91,0.91,0.50
644.nab_s,1,region_9,106927912,105399530,1.12,1.14,1.43
644.nab_s,1,region_10,105754599,104305673,1.13,1.15,1.37
644.nab_s,1,region_11,182278367,174753922,0.66,0.69,4.13
644.nab_s,1,region_12,104431542,102836883,1.15,1.17,1.53
644.nab_s,1,region_13,157969415,156971822,0.76,0.76,0.63
644.nab_s,1,region_14,104061193,102498431,1.15,1.17,1.50
644.nab_s,1,region_15,159120572,156800877,0.75,0.77,1.46
644.nab_s,1,region_16,144811998,141672913,0.83,0.85,2.17
644.nab_s,1,region_17,120840543,120562065,0.99,1.00,0.23
644.nab_s,1,average,143706715,141243523,0.88,0.89,1.61

648.exchange2_s,1,region_1,107809950,107271903,1.11,1.12,0.50
648.exchange2_s,1,region_2,76311567,74599825,1.57,1.61,2.24
648.exchange2_s,1,region_3,122742330,122714635,0.98,0.98,0.02
648.exchange2_s,1,region_4,120205850,120150651,1.00,1.00,0.05
648.exchange2_s,1,region_5,100746197,99748031,1.19,1.20,0.99
648.exchange2_s,1,region_6,105581935,104992509,1.14,1.14,0.56
648.exchange2_s,1,region_7,105760329,105062224,1.13,1.14,0.66
648.exchange2_s,1,region_8,120958772,120876069,0.99,0.99,0.07
648.exchange2_s,1,region_9,122400249,122400249,0.98,0.98,0.00
648.exchange2_s,1,region_10,120198592,120143011,1.00,1.00,0.05
648.exchange2_s,1,region_11,120837869,120788209,0.99,0.99,0.04
648.exchange2_s,1,region_12,114886691,114623111,1.04,1.05,0.23
648.exchange2_s,1,region_13,100841506,99966153,1.19,1.20,0.87
648.exchange2_s,1,region_14,121486505,121461866,0.99,0.99,0.02
648.exchange2_s,1,region_15,120470385,120442499,1.00,1.00,0.02
648.exchange2_s,1,region_16,119158597,119130520,1.01,1.01,0.02
648.exchange2_s,1,region_17,110370687,109920691,1.09,1.09,0.41
648.exchange2_s,1,region_18,121497201,121497010,0.99,0.99,0.00
648.exchange2_s,1,region_19,118146297,118072953,1.02,1.02,0.06
648.exchange2_s,1,average,113179553,112834848,1.07,1.08,0.40

649.fotonik3d_s,1,region_1,135959530,135863839,0.88,0.88,0.07
649.fotonik3d_s,1,region_2,329799891,329782319,0.36,0.36,0.01
649.fotonik3d_s,1,region_3,455390795,455371695,0.26,0.26,0.00
649.fotonik3d_s,1,region_4,477505348,477485866,0.25,0.25,0.00
649.fotonik3d_s,1,region_5,272750865,257455967,0.44,0.47,5.61
649.fotonik3d_s,1,region_6,291596071,291578881,0.41,0.41,0.01
649.fotonik3d_s,1,region_7,308688661,308666887,0.39,0.39,0.01
649.fotonik3d_s,1,region_8,477400298,477381580,0.25,0.25,0.00
649.fotonik3d_s,1,region_9,56603614,56603996,0.71,0.71,-0.00
649.fotonik3d_s,1,region_10,448935377,448916086,0.27,0.27,0.00
649.fotonik3d_s,1,region_11,57904897,57902796,0.73,0.73,0.00
649.fotonik3d_s,1,region_12,446017852,445998943,0.27,0.27,0.00
649.fotonik3d_s,1,region_13,446502228,446417233,0.27,0.27,0.02
649.fotonik3d_s,1,region_14,419165735,419146826,0.29,0.29,0.00
649.fotonik3d_s,1,region_15,455400345,455381054,0.26,0.26,0.00
649.fotonik3d_s,1,region_16,135965451,135870142,0.88,0.88,0.07
649.fotonik3d_s,1,region_17,463985031,463965740,0.26,0.26,0.00
649.fotonik3d_s,1,region_18,348592381,348572899,0.34,0.34,0.01
649.fotonik3d_s,1,region_19,56601704,56601895,0.71,0.71,-0.00
649.fotonik3d_s,1,region_20,392953850,392936278,0.31,0.31,0.00
649.fotonik3d_s,1,region_21,446472432,446386673,0.27,0.27,0.02
649.fotonik3d_s,1,region_22,449385755,449366082,0.27,0.27,0.00
649.fotonik3d_s,1,region_23,392401287,392381805,0.31,0.31,0.00
649.fotonik3d_s,1,region_24,328246488,328228343,0.37,0.37,0.01
649.fotonik3d_s,1,average,337259412,336594326,0.41,0.41,0.58

654.roms_s,1,region_1,349165190,349161370,0.34,0.34,0.00
654.roms_s,1,region_2,169763665,169763283,0.71,0.71,0.00
654.roms_s,1,region_3,235219365,235217837,0.51,0.51,0.00
654.roms_s,1,region_4,130562443,127500713,0.92,0.94,2.35
654.roms_s,1,region_5,285288296,283292346,0.42,0.42,0.70
654.roms_s,1,region_6,138355625,137881754,0.87,0.87,0.34
654.roms_s,1,region_7,462984764,462982472,0.26,0.26,0.00
654.roms_s,1,region_8,128510339,128014885,0.93,0.94,0.39
654.roms_s,1,region_9,277998972,277996489,0.43,0.43,0.00
654.roms_s,1,region_10,457250753,457247124,0.26,0.26,0.00
654.roms_s,1,region_11,271168812,271168621,0.44,0.44,0.00
654.roms_s,1,region_12,499460416,499456787,0.24,0.24,0.00
654.roms_s,1,region_13,347855121,347854930,0.34,0.34,0.00
654.roms_s,1,region_14,210197792,210195309,0.57,0.57,0.00
654.roms_s,1,region_15,449833077,449823145,0.27,0.27,0.00
654.roms_s,1,region_16,400727741,400723730,0.30,0.30,0.00
654.roms_s,1,region_17,488975089,488971269,0.25,0.25,0.00
654.roms_s,1,region_18,461559140,461555702,0.26,0.26,0.00
654.roms_s,1,region_19,180233521,176661821,0.67,0.68,1.98
654.roms_s,1,region_20,417654925,417652442,0.29,0.29,0.00
654.roms_s,1,region_21,494754558,494750165,0.24,0.24,0.00
654.roms_s,1,region_22,132337597,132160731,0.91,0.91,0.13
654.roms_s,1,region_23,293174495,293173540,0.41,0.41,0.00
654.roms_s,1,region_24,314599347,314596100,0.38,0.38,0.00
654.roms_s,1,region_25,130147591,129949524,0.92,0.92,0.15
654.roms_s,1,region_26,449391294,449388047,0.27,0.27,0.00
654.roms_s,1,region_27,148413685,144996313,0.81,0.83,2.30
654.roms_s,1,region_28,172448361,168602958,0.70,0.71,2.23
654.roms_s,1,region_29,487929555,487926499,0.25,0.25,0.00
654.roms_s,1,region_30,494748255,494744435,0.24,0.24,0.00
654.roms_s,1,average,316023659,315447011,0.48,0.48,1.17

657.xz_s,1,region_1,164210149,164129356,0.73,0.73,0.05
657.xz_s,1,region_2,166793997,166767066,0.72,0.72,0.02
657.xz_s,1,region_3,165849502,165775776,0.72,0.72,0.04
657.xz_s,1,region_4,169505051,169480412,0.71,0.71,0.01
657.xz_s,1,region_5,170005280,169974911,0.71,0.71,0.02
657.xz_s,1,region_6,164359320,164287122,0.73,0.73,0.04
657.xz_s,1,region_7,164954667,164929646,0.73,0.73,0.02
657.xz_s,1,region_8,164407070,164329142,0.73,0.73,0.05
657.xz_s,1,region_9,161750451,161710723,0.74,0.74,0.02
657.xz_s,1,region_10,256341673,256320854,0.47,0.47,0.01
657.xz_s,1,region_11,165826391,165754957,0.72,0.72,0.04
657.xz_s,1,region_12,161297972,161259963,0.74,0.74,0.02
657.xz_s,1,region_13,162040962,162008874,0.74,0.74,0.02
657.xz_s,1,region_14,160677604,160247854,0.75,0.75,0.27
657.xz_s,1,region_15,164426552,164350725,0.73,0.73,0.05
657.xz_s,1,region_16,160800608,160653729,0.75,0.75,0.09
657.xz_s,1,region_17,167066936,167039432,0.72,0.72,0.02
657.xz_s,1,region_18,160998866,160935072,0.75,0.75,0.04
657.xz_s,1,region_19,165902409,165865164,0.72,0.72,0.02
657.xz_s,1,region_20,245272077,245267684,0.49,0.49,0.00
657.xz_s,1,region_21,166751977,166697160,0.72,0.72,0.03
657.xz_s,1,region_22,160832123,160242506,0.75,0.75,0.37
657.xz_s,1,region_23,164980452,164899659,0.73,0.73,0.05
657.xz_s,1,region_24,160753049,160722298,0.75,0.75,0.02
657.xz_s,1,region_25,256318753,256298125,0.47,0.47,0.01
657.xz_s,1,region_26,161306949,161250031,0.74,0.74,0.04
657.xz_s,1,average,174362725,174276855,0.70,0.70,0.05

657.xz_s,2,region_1,181899996,181190240,0.66,0.66,0.39
657.xz_s,2,region_2,144982561,144362957,0.83,0.83,0.43
657.xz_s,2,region_3,182268435,181556578,0.66,0.66,0.39
657.xz_s,2,region_4,85657579,85657770,1.40,1.40,-0.00
657.xz_s,2,region_5,112902583,107607108,1.06,1.12,4.69
657.xz_s,2,region_6,169615831,169026978,0.71,0.71,0.35
657.xz_s,2,region_7,186138286,185400071,0.64,0.65,0.40
657.xz_s,2,region_8,177522467,176894459,0.68,0.68,0.35
657.xz_s,2,region_9,176238374,175639589,0.68,0.68,0.34
657.xz_s,2,region_10,178961652,178257435,0.67,0.67,0.39
657.xz_s,2,region_11,93855681,93855490,1.28,1.28,0.00
657.xz_s,2,region_12,180884449,180204298,0.66,0.67,0.38
657.xz_s,2,region_13,100736265,97286232,1.19,1.23,3.42
657.xz_s,2,average,151666474,150533785,0.86,0.86,1.05
